model_sel,sample_id,plaintext,req_inject_byte_pos,actual_inject_en,actual_inject_byte_pos,fault_val,fault_hw,dfa_valid,fault_mask,correct_cipher,fault_cipher,diff,diff_nonzero_count,diff_byte_mask,first_diff_byte,hw,offset
1,0,00112233445566778899aabbccddf03f,15,1,15,60,2,1,60000000000000000000000000000000,74b6cfc17ad8d722cda299bdd117f128,11b6cfc17ad8d76dcda2b1bdd1cff128,650000000000004f0000280000d80000,4,8124,2,2,0
1,1,00112233445566778899aabbccddf040,4,1,4,0a,2,1,00000000000000000000000a00000000,39fb75d619e806ef512627979be82c5d,39fbd1d6199706efa32627979be82c53,0000a400007f0000f20000000000000e,4,2481,0,2,0
1,2,00112233445566778899aabbccddf041,11,1,11,60,2,1,00000000600000000000000000000000,95eee0db9f2cc455a8775944188f689a,9586e0db7f2cc455a877599b188fc29a,00680000e0000000000000df0000aa00,4,4812,1,2,0
1,3,00112233445566778899aabbccddf042,6,1,6,10,1,1,00000000000000000010000000000000,96592a3328d13cb7cf87683352f2fa8a,9659af3328853cb7ec87683352f2faa6,0000850000540000230000000000002c,4,2481,0,1,0
1,4,00112233445566778899aabbccddf043,10,1,10,40,1,1,00000000004000000000000000000000,2c11efcab3c6be3da8ab6a032ac00240,2c5aefca36c6be3da8ab6a1c2ac08440,004b0000850000000000001f00008600,4,4812,1,1,0
1,5,00112233445566778899aabbccddf044,13,1,13,10,1,1,00001000000000000000000000000000,51869533ab95bbf27c135d14f084a6ce,dc869533ab95bbf47c135f14f0aea6ce,8d0000000000000600000200002a0000,4,8124,2,1,0
1,6,00112233445566778899aabbccddf045,7,1,7,04,1,1,00000000000000000400000000000000,fa339be3a74e32256dba6f4360378caf,fa3380e3a7f43225a0ba6f4360378c8f,00001b0000ba0000cd00000000000020,4,2481,0,1,0
1,7,00112233445566778899aabbccddf046,9,1,9,50,2,1,00000000000050000000000000000000,8e0725f80973860a579dce3d916e6eba,8e5425f84d73860a579dce04916e27ba,00530000440000000000003900004900,4,4812,1,2,0
1,8,00112233445566778899aabbccddf047,1,1,1,20,1,1,00000000000000000000000000002000,8587dc0deefbf1c3fd3695e6cc49aaa3,8587dca9eefbeec3fd8895e6e849aaa3,000000a400001f0000be000024000000,4,1248,3,1,0
1,9,00112233445566778899aabbccddf048,2,1,2,11,2,1,00000000000000000000000000110000,44823dc479f6706a4363049c9aeda7a9,44823d7b79f6956a43a8049c15eda7a9,000000bf0000e50000cb00008f000000,4,1248,3,2,0
1,10,00112233445566778899aabbccddf049,15,1,15,03,2,1,03000000000000000000000000000000,0ca3c52211659987f036a478f115dac1,faa3c5221165993cf0365c78f19ddac1,f6000000000000bb0000f80000880000,4,8124,2,2,0
1,11,00112233445566778899aabbccddf04a,11,1,11,20,1,1,00000000200000000000000000000000,9ed2ca4646d7dec9298e429c92b9b14c,9e80ca460ad7dec9298e429692b9594c,005200004c0000000000000a0000e800,4,4812,1,1,0
1,12,00112233445566778899aabbccddf04b,15,1,15,40,1,1,40000000000000000000000000000000,57008e0d9eaaac57c77c3c5dd9c6cb40,d2008e0d9eaaacc3c77c5e5dd99acb40,850000000000009400006200005c0000,4,8124,2,1,0
1,13,00112233445566778899aabbccddf04c,6,1,6,01,1,1,00000000000000000001000000000000,a99e977a7fbafea591de954d293dfc58,a99ee27a7ff8fea587de954d293dfc71,00007500004200001600000000000029,4,2481,0,1,0
1,14,00112233445566778899aabbccddf04d,4,1,4,08,1,1,00000000000000000000000800000000,532e5f7799c9ff74cd847edb2bd621ba,532e38779978ff7437847edb2bd621ee,0000670000b10000fa00000000000054,4,2481,0,1,0
1,15,00112233445566778899aabbccddf04e,0,1,0,12,2,1,00000000000000000000000000000012,7c8e4fa6a18b406104490ad24625b6aa,7c8e4fa5a18b5b61049b0ad2dd25b6aa,0000000300001b0000d200009b000000,4,1248,3,2,0
1,16,00112233445566778899aabbccddf04f,8,1,8,02,1,1,00000000000000020000000000000000,90605e5ae1b82bfc11d21796991999bc,90fc5e5a07b82bfc11d2172699196ebc,009c0000e6000000000000b00000f700,4,4812,1,1,0
1,17,00112233445566778899aabbccddf050,3,1,3,80,1,1,00000000000000000000000080000000,567e2b5eddb0851e904bc180128ec9c7,567e2b4bddb0e31e90e9c180d98ec9c7,000000150000660000a20000cb000000,4,1248,3,1,0
1,18,00112233445566778899aabbccddf051,12,1,12,08,1,1,00000008000000000000000000000000,ec9d1faeb8b61e5aed661193ed230cf2,9d9d1faeb8b61edfed66b893edb90cf2,71000000000000850000a900009a0000,4,8124,2,1,0
1,19,00112233445566778899aabbccddf052,7,1,7,40,1,1,00000000000000004000000000000000,ffad1d78d194138544d591afcc62b6fa,ffadd178d1ba138532d591afcc62b623,0000cc00002e000076000000000000d9,4,2481,0,1,0
1,20,00112233445566778899aabbccddf053,9,1,9,08,1,1,00000000000008000000000000000000,9e33ab3480b9aaea795608637979b357,9e2bab3458b9aaea795608a779796557,00180000d8000000000000c40000d600,4,4812,1,1,0
1,21,00112233445566778899aabbccddf054,0,1,0,04,1,1,00000000000000000000000000000004,1b74347c8321e588773cc9f82947e65b,1b74342a832158887701c9f8b447e65b,000000560000bd00003d00009d000000,4,1248,3,1,0
1,22,00112233445566778899aabbccddf055,7,1,7,0a,2,1,00000000000000000a00000000000000,9b9e854c7721afc97b99501d13de35b1,9b9ed24c7712afc9c799501d13de3548,0000570000330000bc000000000000f9,4,2481,0,2,0
1,23,00112233445566778899aabbccddf056,1,1,1,01,1,1,00000000000000000000000000000100,82288c7fc8d1cde036efc200a142c45e,82288c56c8d151e036c4c200f242c45e,0000002900009c00002b000053000000,4,1248,3,1,0
1,24,00112233445566778899aabbccddf057,4,1,4,24,2,1,00000000000000000000002400000000,9f884169a32e522dd4026ef82dc2f6d2,9f88bb69a30c522db5026ef82dc2f6b5,0000fa00002200006100000000000067,4,2481,0,2,0
1,25,00112233445566778899aabbccddf058,3,1,3,02,1,1,00000000000000000000000002000000,ef65ea02d32e00887bc32fde3bc62bbd,ef65eaebd32e9f887b642fde51c62bbd,000000e900009f0000a700006a000000,4,1248,3,1,0
1,26,00112233445566778899aabbccddf059,8,1,8,01,1,1,00000000000000010000000000000000,6d3a99254903b57fa7ba7b596c210834,6d3199252b03b57fa7ba7b2c6c21cf34,000b000062000000000000750000c700,4,4812,1,1,0
1,27,00112233445566778899aabbccddf05a,13,1,13,40,1,1,00004000000000000000000000000000,3e8f45184f720a4abc4eafed04117abf,e58f45184f720a06bc4eaded047e7abf,db0000000000004c00000200006f0000,4,8124,2,1,0
1,28,00112233445566778899aabbccddf05b,4,1,4,02,1,1,00000000000000000000000200000000,3dbbfd274832a5d264b2d299f39bee44,3dbbfc27486fa5d2acb2d299f39beed3,00000100005d0000c800000000000097,4,2481,0,1,0
1,29,00112233445566778899aabbccddf05c,0,1,0,20,1,1,00000000000000000000000000000020,29a1ba6993f268ba0a4d76e107a69b15,29a1baf693f24eba0a8d76e18ea69b15,0000009f0000260000c0000089000000,4,1248,3,1,0
1,30,00112233445566778899aabbccddf05d,15,1,15,40,1,1,40000000000000000000000000000000,9c6d71c7c4b0912a77443d507a24da5d,116d71c7c4b09141774493507ad2da5d,8d0000000000006b0000ae0000f60000,4,8124,2,1,0
1,31,00112233445566778899aabbccddf05e,8,1,8,14,2,1,00000000000000140000000000000000,92120d2c3dcee573f0288851d8b0c8ce,92dc0d2c2dcee573f02888f6d8b081ce,00ce000010000000000000a700004900,4,4812,1,2,0
1,32,00112233445566778899aabbccddf05f,3,1,3,24,2,1,00000000000000000000000024000000,16f8224f747a087f66aff31440f64f01,16f8222e747a387f6608f314bdf64f01,000000610000300000a70000fd000000,4,1248,3,2,0
1,33,00112233445566778899aabbccddf060,7,1,7,80,1,1,00000000000000008000000000000000,5897074ce75d0abe28458501bf82ee45,58979d4ce7f10abee0458501bf82ee50,00009a0000ac0000c800000000000015,4,2481,0,1,0
1,34,00112233445566778899aabbccddf061,5,1,5,24,2,1,00000000000000000000240000000000,7195241b7585bc02a6b5ca2bc30bcabe,7195f51b7517bc02c2b5ca2bc30bca6c,0000d1000092000064000000000000d2,4,2481,0,2,0
1,35,00112233445566778899aabbccddf062,7,1,7,20,1,1,00000000000000002000000000000000,edf950ab5d2b00089df372fe67517743,edf971ab5d22000862f372fe67517770,0000210000090000ff00000000000033,4,2481,0,1,0
1,36,00112233445566778899aabbccddf063,7,1,7,06,2,1,00000000000000000600000000000000,af9cc9c12160b6f2619bf270cd08f00b,af9c52c1210fb6f2e49bf270cd08f06f,00009b00006f00008500000000000064,4,2481,0,2,0
1,37,00112233445566778899aabbccddf064,4,1,4,c0,2,1,0000000000000000000000c000000000,f5c7f16a18813a8ede555c936ef5ac0b,f5c7906a185a3a8e38555c936ef5ac4a,0000610000db0000e600000000000041,4,2481,0,2,0
1,38,00112233445566778899aabbccddf065,15,1,15,40,1,1,40000000000000000000000000000000,b448170bb4670cd851600dabebbf4132,2e48170bb4670c6e516037abeb054132,9a000000000000b600003a0000ba0000,4,8124,2,1,0
1,39,00112233445566778899aabbccddf066,11,1,11,40,1,1,00000000400000000000000000000000,ff7e37143374b516a1377f12b9656042,ffb93714eb74b516a1377f3cb9654d42,00c70000d80000000000002e00002d00,4,4812,1,1,0
1,40,00112233445566778899aabbccddf067,12,1,12,c0,2,1,000000c0000000000000000000000000,03421fc89c27327ab1526de5329d9cd5,29421fc89c273250b152e0e532289cd5,2a0000000000002a00008d0000b50000,4,8124,2,2,0
1,41,00112233445566778899aabbccddf068,5,1,5,02,1,1,00000000000000000000020000000000,0ac92d66da189fbee82ee6716771df7a,0ac95d66da9e9fbecd2ee6716771df27,0000700000860000250000000000005d,4,2481,0,1,0
1,42,00112233445566778899aabbccddf069,2,1,2,80,1,1,00000000000000000000000000800000,bdd5ddb1a59428015e24b298623c3bc5,bdd5dd03a594aa015ef0b298a53c3bc5,000000b20000820000d40000c7000000,4,1248,3,1,0
1,43,00112233445566778899aabbccddf06a,3,1,3,08,1,1,00000000000000000000000008000000,c7dea2986810f24cc20530af86cc8a0d,c7dea26268104e4cc29330af1bcc8a0d,000000fa0000bc00009600009d000000,4,1248,3,1,0
1,44,00112233445566778899aabbccddf06b,9,1,9,40,1,1,00000000000040000000000000000000,34778bdc5ed718791d821637e5213bee,34ae8bdc6fd718791d8216efe5212fee,00d9000031000000000000d800001400,4,4812,1,1,0
1,45,00112233445566778899aabbccddf06c,2,1,2,02,1,1,00000000000000000000000000020000,a4adc601d63c4012e2534540757822a1,a4adc67dd63c8b12e25a4540207822a1,0000007c0000cb000009000055000000,4,1248,3,1,0
1,46,00112233445566778899aabbccddf06d,14,1,14,40,1,1,00400000000000000000000000000000,3695af63609cde5274f9682017121748,4695af63609cde1774f9472017f21748,700000000000004500002f0000e00000,4,8124,2,1,0
1,47,00112233445566778899aabbccddf06e,5,1,5,0a,2,1,000000000000000000000a0000000000,7391e8bb1eabe123bb52e249421567fa,739191bb1ed6e123c852e24942156733,00007900007d000073000000000000c9,4,2481,0,2,0
1,48,00112233445566778899aabbccddf06f,7,1,7,01,1,1,00000000000000000100000000000000,7abfced8913972463440b1ab8da0ce12,7abf94d8911072464840b1ab8da0ce00,00005a00002900007c00000000000012,4,2481,0,1,0
1,49,00112233445566778899aabbccddf070,1,1,1,01,1,1,00000000000000000000000000000100,aedeb42fd76a28f30a129398a7ad46c2,aedeb441d76a84f30aa693982ead46c2,0000006e0000ac0000b4000089000000,4,1248,3,1,0
1,50,00112233445566778899aabbccddf071,9,1,9,08,1,1,00000000000008000000000000000000,bed524b062c17a1b7ca167fd83c1c752,beb224b0a6c17a1b7ca167f683c13752,00670000c40000000000000b0000f000,4,4812,1,1,0
1,51,00112233445566778899aabbccddf072,0,1,0,02,1,1,00000000000000000000000000000002,c75d004dea8d190435fbf83ed579b20b,c75d0099ea8d5a043541f83ec179b20b,000000d40000430000ba000014000000,4,1248,3,1,0
1,52,00112233445566778899aabbccddf073,3,1,3,10,1,1,00000000000000000000000010000000,000a767cb0461739d7877c242ba3832b,000a760db046ed39d7417c244aa3832b,000000710000fa0000c6000061000000,4,1248,3,1,0
1,53,00112233445566778899aabbccddf074,7,1,7,40,1,1,00000000000000004000000000000000,5022802751db0db9848f7cc6813c539c,5022262751000db90a8f7cc6813c530c,0000a60000db00008e00000000000090,4,2481,0,1,0
1,54,00112233445566778899aabbccddf075,6,1,6,40,1,1,00000000000000000040000000000000,bbd9297be7dae6f9719436915d791361,bbd94e7be72ce6f9509436915d791305,0000670000f600002100000000000064,4,2481,0,1,0
1,55,00112233445566778899aabbccddf076,10,1,10,08,1,1,00000000000800000000000000000000,04a10136a411517b8ea60ca9c8ff0831,04310136ab11517b8ea60cb8c8ff0b31,009000000f0000000000001100000300,4,4812,1,1,0
1,56,00112233445566778899aabbccddf077,8,1,8,10,1,1,00000000000000100000000000000000,ea392fcac39e62ef1225f0303ff287a4,ea932fcaa49e62ef1225f0b03ff2b7a4,00aa0000670000000000008000003000,4,4812,1,1,0
1,57,00112233445566778899aabbccddf078,15,1,15,10,1,1,10000000000000000000000000000000,8b788f4b0f9d2798b9c138e48e53a23c,25788f4b0f9d27efb9c10be48ecea23c,ae0000000000007700003300009d0000,4,8124,2,1,0
1,58,00112233445566778899aabbccddf079,10,1,10,80,1,1,00000000008000000000000000000000,f02f08c148e73963aca5a1f3f54ff91e,f01408c1aee73963aca5a115f54f641e,003b0000e6000000000000e600009d00,4,4812,1,1,0
1,59,00112233445566778899aabbccddf07a,11,1,11,12,2,1,00000000120000000000000000000000,d2915ed9ac1b30a18744f0493da75b2e,d2895ed98f1b30a18744f0943da7e42e,0018000023000000000000dd0000bf00,4,4812,1,2,0
1,60,00112233445566778899aabbccddf07b,6,1,6,01,1,1,00000000000000000001000000000000,708d994040b2c0647d0d5ed1083a8931,708d784040e8c064210d5ed1083a89f9,0000e100005a00005c000000000000c8,4,2481,0,1,0
1,61,00112233445566778899aabbccddf07c,0,1,0,c0,2,1,000000000000000000000000000000c0,4a72ec88b53218119c0317e24f521006,4a72ec22b53255119caa17e265521006,000000aa00004d0000a900002a000000,4,1248,3,2,0
1,62,00112233445566778899aabbccddf07d,5,1,5,08,1,1,00000000000000000000080000000000,b5c6f6f25ca5a06d6509ff1c1786a9d2,b5c610f25ca6a06d4109ff1c1786a983,0000e600000300002400000000000051,4,2481,0,1,0
1,63,00112233445566778899aabbccddf07e,15,1,15,02,1,1,02000000000000000000000000000000,1058e9d1637e696bd14178121a95ddae,7f58e9d1637e69aed141e4121a2bddae,6f000000000000c500009c0000be0000,4,8124,2,1,0
1,64,00112233445566778899aabbccddf07f,15,1,15,04,1,1,04000000000000000000000000000000,2fdad5d86d4f6ba2e8a6572aab6db988,4ddad5d86d4f6b4ce8a6e12aab05b988,62000000000000ee0000b60000680000,4,8124,2,1,0
1,65,00112233445566778899aabbccddf080,0,1,0,10,1,1,00000000000000000000000000000010,763aa03d17caeccc16c2c2186e1aec9a,763aa0f517cab6cc16f8c218911aec9a,000000c800005a00003a0000ff000000,4,1248,3,1,0
1,66,00112233445566778899aabbccddf081,10,1,10,88,2,1,00000000008800000000000000000000,904f22bf3fe49232c8f6251580eff9bb,905e22bf35e49232c8f6254b80ef1abb,001100000a0000000000005e0000e300,4,4812,1,2,0
1,67,00112233445566778899aabbccddf082,6,1,6,04,1,1,00000000000000000004000000000000,05fe5e8b7de0d68c00689451bb51f7cc,05fea48b7d70d68c2f689451bb51f7ec,0000fa00009000002f00000000000020,4,2481,0,1,0
1,68,00112233445566778899aabbccddf083,0,1,0,80,1,1,00000000000000000000000000000080,fdcf24fed9b609b5bb373fb3ebdfa540,fdcf2492d9b610b5bb4a3fb361dfa540,0000006c00001900007d00008a000000,4,1248,3,1,0
1,71,00112233445566778899aabbccddf086,0,1,0,02,1,1,00000000000000000000000000000002,06bf78f689abcf540b063f8989f0935f,06bf784689ab5f540bf43f897af0935f,000000b00000900000f20000f3000000,4,1248,3,1,0
1,72,00112233445566778899aabbccddf087,0,1,0,c0,2,1,000000000000000000000000000000c0,e7bbc8cc68d92389c8de2eb480e6d74e,e7bbc85868d99e89c8882eb4dfe6d74e,000000940000bd00005600005f000000,4,1248,3,2,0
1,73,00112233445566778899aabbccddf088,15,1,15,01,1,1,01000000000000000000000000000000,722686c49d28f639fb1a3158f2697ded,7d2686c49d28f69ffb1a7258f2597ded,0f000000000000a60000430000300000,4,8124,2,1,0
1,74,00112233445566778899aabbccddf089,6,1,6,04,1,1,00000000000000000004000000000000,709ef4318b34e1ec62a57d1086b3f2ea,709e91318baee1ec02a57d1086b3f26d,00006500009a00006000000000000087,4,2481,0,1,0
1,75,00112233445566778899aabbccddf08a,0,1,0,10,1,1,00000000000000000000000000000010,fb8b3925aff246b3f7353e7b141b4755,fb8b398aaff221b3f7523e7bd11b4755,000000af0000670000670000c5000000,4,1248,3,1,0
1,76,00112233445566778899aabbccddf08b,15,1,15,04,1,1,04000000000000000000000000000000,5693f036c7d6a6c58325f99b0225e2a9,9893f036c7d6a6588325839b02bde2a9,ce0000000000009d00007a0000980000,4,8124,2,1,0
1,77,00112233445566778899aabbccddf08c,11,1,11,20,1,1,00000000200000000000000000000000,0cf6d64041a9c14d5bffe158adc1a4c4,0cbbd640c7a9c14d5bffe18aadc188c4,004d000086000000000000d200002c00,4,4812,1,1,0
1,78,00112233445566778899aabbccddf08d,0,1,0,11,2,1,00000000000000000000000000000011,84296d664481294ff7058648e683a08a,84296d234481124ff75286484983a08a,0000004500003b0000570000af000000,4,1248,3,2,0
1,79,00112233445566778899aabbccddf08e,15,1,15,10,1,1,10000000000000000000000000000000,d578f77f1988ab52a948055095c7677f,9778f77f1988abf0a9485f5095b4677f,42000000000000a200005a0000730000,4,8124,2,1,0
1,81,00112233445566778899aabbccddf090,6,1,6,14,2,1,00000000000000000014000000000000,3fbed86ef6320bd48a459b0f9112ef04,3fbe516ef6040bd4f3459b0f9112ef0d,00008900003600007900000000000009,4,2481,0,2,0
1,82,00112233445566778899aabbccddf091,0,1,0,14,2,1,00000000000000000000000000000014,aa003c8488465b4d2ad66b5b95050ceb,aa003caa88466b4d2a296b5b41050ceb,0000002e0000300000ff0000d4000000,4,1248,3,2,0
1,83,00112233445566778899aabbccddf092,10,1,10,60,2,1,00000000006000000000000000000000,40a6ca3eb775bff002a4eb9d1c8b85c7,40afca3e2c75bff002a4eb951c8b43c7,000900009b000000000000080000c600,4,4812,1,2,0
1,84,00112233445566778899aabbccddf093,1,1,1,08,1,1,00000000000000000000000000000800,3f4404afcb6edc3a8102b8c09da50108,3f4404accb6e933a81e3b8c0cda50108,0000000300004f0000e1000050000000,4,1248,3,1,0
1,85,00112233445566778899aabbccddf094,0,1,0,20,1,1,00000000000000000000000000000020,f5b898b8a8dbcf33b597e2a243dc4b4a,f5b89843a8db9c33b5bbe2a2eddc4b4a,000000fb00005300002c0000ae000000,4,1248,3,1,0
1,87,00112233445566778899aabbccddf096,12,1,12,50,2,1,00000050000000000000000000000000,54524ffbb50086a2a3f020d47f2acdb3,10524ffbb50086eba3f03bd47fdccdb3,440000000000004900001b0000f60000,4,8124,2,2,0
1,88,00112233445566778899aabbccddf097,7,1,7,48,2,1,00000000000000004800000000000000,74da54585304477d2793ae95152e676f,74daaa5853e3477dba93ae95152e67d2,0000fe0000e700009d000000000000bd,4,2481,0,2,0
1,89,00112233445566778899aabbccddf098,9,1,9,01,1,1,00000000000001000000000000000000,9da5dbf639e9a91bbb1000a6901d4ed1,9de8dbf68ee9a91bbb1000d3901db3d1,004d0000b7000000000000750000fd00,4,4812,1,1,0
1,91,00112233445566778899aabbccddf09a,8,1,8,80,1,1,00000000000000800000000000000000,7049578529acfe46b228b9e0a1fbbd88,70c357857eacfe46b228b92ea1fbb188,008a000057000000000000ce00000c00,4,4812,1,1,0
1,92,00112233445566778899aabbccddf09b,10,1,10,c0,2,1,0000000000c000000000000000000000,2fae8f47c1d7d39f7b75e65469e72710,2f2d8f47a0d7d39f7b75e64e69e71310,00830000610000000000001a00003400,4,4812,1,2,0
1,93,00112233445566778899aabbccddf09c,15,1,15,03,2,1,03000000000000000000000000000000,d11b6f0caeef2bbb3b0d2ddee09141bf,a61b6f0caeef2bc03b0db0dee0a641bf,770000000000007b00009d0000370000,4,8124,2,2,0
1,94,00112233445566778899aabbccddf09d,4,1,4,40,1,1,00000000000000000000004000000000,dc62632b18a090ca6ddd221970539527,dc62912b18ac90ca06dd221970539524,0000f200000c00006b00000000000003,4,2481,0,1,0
1,95,00112233445566778899aabbccddf09e,1,1,1,10,1,1,00000000000000000000000000001000,56084f61fe0f075eed4d554a35b97cb8,56084fdffe0fa85eed0e554a67b97cb8,000000be0000af000043000052000000,4,1248,3,1,0
1,96,00112233445566778899aabbccddf09f,9,1,9,10,1,1,00000000000010000000000000000000,d4b12a9f131f59a9172d4d652aba788a,d4c02a9fcb1f59a9172d4df82aba8b8a,00710000d80000000000009d0000f300,4,4812,1,1,0
1,97,00112233445566778899aabbccddf0a0,10,1,10,60,2,1,00000000006000000000000000000000,efa821f852f6d129395b1049628d31c9,ef7821f89bf6d129395b1069628de5c9,00d00000c9000000000000200000d400,4,4812,1,2,0
1,98,00112233445566778899aabbccddf0a1,9,1,9,c0,2,1,000000000000c0000000000000000000,acd46aff5520d82d31e5c580d331ab05,ac0f6aff4f20d82d31e5c532d331c505,00db00001a000000000000b200006e00,4,4812,1,2,0
1,99,00112233445566778899aabbccddf0a2,3,1,3,03,2,1,00000000000000000000000003000000,52fc0a8c00d269d19db54caa641d5625,52fc0aa200d27dd19d744caa001d5625,0000002e0000140000c1000064000000,4,1248,3,2,0
1,100,00112233445566778899aabbccddf0a3,10,1,10,12,2,1,00000000001200000000000000000000,c77793a39c74f51c33782878c941824e,c72293a37074f51c337828e0c941b34e,00550000ec0000000000009800003100,4,4812,1,2,0
1,101,00112233445566778899aabbccddf0a4,14,1,14,20,1,1,00200000000000000000000000000000,ab3812eeeb85caf4c1599c27d56a105c,2b3812eeeb85ca4ac1594227d500105c,80000000000000be0000de00006a0000,4,8124,2,1,0
1,102,00112233445566778899aabbccddf0a5,4,1,4,10,1,1,00000000000000000000001000000000,31814a2278b1900a695127bed134464b,3181d82278cc900af65127bed1344629,00009200007d00009f00000000000062,4,2481,0,1,0
1,103,00112233445566778899aabbccddf0a6,3,1,3,04,1,1,00000000000000000000000004000000,c5344dc3de2803de676f1719aef22b99,c5344da9de28e9de677a17195df22b99,0000006a0000ea0000150000f3000000,4,1248,3,1,0
1,105,00112233445566778899aabbccddf0a8,13,1,13,28,2,1,00002800000000000000000000000000,3c85991bb2aa6aaeeac055d68cc2a578,b285991bb2aa6ad0eac062d68cc4a578,8e0000000000007e0000370000060000,4,8124,2,2,0
1,106,00112233445566778899aabbccddf0a9,6,1,6,20,1,1,00000000000000000020000000000000,51f6a7c32a16ec7a09effec8dac3c4a2,51f683c32adcec7a23effec8dac3c46c,0000240000ca00002a000000000000ce,4,2481,0,1,0
1,107,00112233445566778899aabbccddf0aa,2,1,2,60,2,1,00000000000000000000000000600000,4e8c6b4fee126aa18293ef34c4ccf044,4e8c6bd8ee12aca1823def3418ccf044,000000970000c60000ae0000dc000000,4,1248,3,2,0
1,108,00112233445566778899aabbccddf0ab,11,1,11,04,1,1,00000000040000000000000000000000,be89abea4c43b8ba599743b8dc8f5012,beb7abea6143b8ba5997434edc8f0612,003e00002d000000000000f600005600,4,4812,1,1,0
1,109,00112233445566778899aabbccddf0ac,10,1,10,08,1,1,00000000000800000000000000000000,bbdeb6f4f8024b9378dd79b81599d2a4,bb77b6f4cc024b9378dd79a915992ea4,00a9000034000000000000110000fc00,4,4812,1,1,0
1,111,00112233445566778899aabbccddf0ae,4,1,4,c0,2,1,0000000000000000000000c000000000,3f5d12ce4703b85cdf402d88e8cdf6d5,3f5d7cce4732b85c63402d88e8cdf65c,00006e0000310000bc00000000000089,4,2481,0,2,0
1,112,00112233445566778899aabbccddf0af,7,1,7,40,1,1,00000000000000004000000000000000,94aab80a05b946c95b3df765969777c7,94aa950a055646c9e83df7659697770b,00002d0000ef0000b3000000000000cc,4,2481,0,1,0
1,113,00112233445566778899aabbccddf0b0,11,1,11,80,1,1,00000000800000000000000000000000,fae952e4c92bb537e6c9d4b15f62162f,fa2652e4f22bb537e6c9d4d05f62222f,00cf00003b0000000000006100003400,4,4812,1,1,0
1,114,00112233445566778899aabbccddf0b1,6,1,6,40,1,1,00000000000000000040000000000000,99bcaeca3e3cd1ddab9464d3f54fa055,99bc41ca3ef8d1dd3f9464d3f54fa014,0000ef0000c400009400000000000041,4,2481,0,1,0
1,115,00112233445566778899aabbccddf0b2,3,1,3,01,1,1,00000000000000000000000001000000,019b07bc0f02a0027c8a9eef05db8ffe,019b07ee0f0216027c599eef8ddb8ffe,000000520000b60000d3000088000000,4,1248,3,1,0
1,116,00112233445566778899aabbccddf0b3,5,1,5,08,1,1,00000000000000000000080000000000,e185bb532e63fea4f750effe3b69c1ce,e18577532e7ffea48950effe3b69c1b0,0000cc00001c00007e0000000000007e,4,2481,0,1,0
1,117,00112233445566778899aabbccddf0b4,12,1,12,02,1,1,00000002000000000000000000000000,3e9b181e862f5841af27e38a37641a83,c49b181e862f585caf27898a37e31a83,fa0000000000001d00006a0000870000,4,8124,2,1,0
1,118,00112233445566778899aabbccddf0b5,7,1,7,08,1,1,00000000000000000800000000000000,03fbd5df07b8e9eac96b26f93cac2306,03fb2fdf0726e9ea5a6b26f93cac2369,0000fa00009e0000930000000000006f,4,2481,0,1,0
1,119,00112233445566778899aabbccddf0b6,13,1,13,c0,2,1,0000c000000000000000000000000000,543e87171aa0152fe0d0ea9e1a289059,a33e87171aa015e2e0d0939e1aeb9059,f7000000000000cd0000790000c30000,4,8124,2,2,0
1,120,00112233445566778899aabbccddf0b7,7,1,7,01,1,1,00000000000000000100000000000000,33e51227a28a37f736db0290f3c59386,33e5de27a2b337f797db0290f3c593fd,0000cc0000390000a10000000000007b,4,2481,0,1,0
1,121,00112233445566778899aabbccddf0b8,13,1,13,02,1,1,00000200000000000000000000000000,d51ab729d9b8b885d59d1434d6164846,c81ab729d9b8b865d59d0834d6714846,1d000000000000e000001c0000670000,4,8124,2,1,0
1,122,00112233445566778899aabbccddf0b9,0,1,0,20,1,1,00000000000000000000000000000020,c1789648023feab7362354060c827b87,c1789649023f50b73656540657827b87,000000010000ba00007500005b000000,4,1248,3,1,0
1,123,00112233445566778899aabbccddf0ba,13,1,13,01,1,1,00000100000000000000000000000000,cf3f4931c267a086092dd44c25a4e746,a43f4931c267a0a4092d194c2540e746,6b000000000000220000cd0000e40000,4,8124,2,1,0
1,124,00112233445566778899aabbccddf0bb,9,1,9,20,1,1,00000000000020000000000000000000,e2e87aafbbbbda48e0e4e4f1584cda4c,e2827aaf7bbbda48e0e4e4e9584c6b4c,006a0000c0000000000000180000b100,4,4812,1,1,0
1,125,00112233445566778899aabbccddf0bc,7,1,7,24,2,1,00000000000000002400000000000000,e0adf92cc63cdb8dd5f04414fc5918bc,e0adc12cc6d7db8d31f04414fc5918b3,0000380000eb0000e40000000000000f,4,2481,0,2,0
1,126,00112233445566778899aabbccddf0bd,10,1,10,01,1,1,00000000000100000000000000000000,d68b85f707e18a329da5d51d2cea57a2,d64485f716e18a329da5d5452ceabda2,00cf000011000000000000580000ea00,4,4812,1,1,0
1,128,00112233445566778899aabbccddf0bf,4,1,4,48,2,1,00000000000000000000004800000000,23aeb79500d4c5c62de5629dae6fa7e4,23ae66950069c5c649e5629dae6fa795,0000d10000bd00006400000000000071,4,2481,0,2,0
1,129,00112233445566778899aabbccddf0c0,10,1,10,24,2,1,00000000002400000000000000000000,f2969ead5f9011e9aa2fccaf93d4fd20,f2df9ead029011e9aa2fccf993d47a20,004900005d0000000000005600008700,4,4812,1,2,0
1,130,00112233445566778899aabbccddf0c1,14,1,14,40,1,1,00400000000000000000000000000000,afe383a71bc57647c6a5a812d1852f53,b2e383a71bc57618c6a54012d1fe2f53,1d0000000000005f0000e800007b0000,4,8124,2,1,0
1,131,00112233445566778899aabbccddf0c2,14,1,14,0a,2,1,000a0000000000000000000000000000,541441fa47f4fcb6e5dc79dbea22e692,011441fa47f4fc9ce5dc9adbeaade692,550000000000002a0000e300008f0000,4,8124,2,2,0
1,132,00112233445566778899aabbccddf0c3,1,1,1,10,1,1,00000000000000000000000000001000,37e2f69bdbc41ba13864d9e0396da2da,37e2f690dbc484a138bad9e04d6da2da,0000000b00009f0000de000074000000,4,1248,3,1,0
1,133,00112233445566778899aabbccddf0c4,8,1,8,08,1,1,00000000000000080000000000000000,d48974ebc314ab3b6f4ea4b456f17f60,d4eb74ebab14ab3b6f4ea44a56f18460,0062000068000000000000fe0000fb00,4,4812,1,1,0
1,134,00112233445566778899aabbccddf0c5,15,1,15,02,1,1,02000000000000000000000000000000,bdb7bf43bf2da7bb059f97277d7c5b36,79b7bf43bf2da7d5059f8b277dbe5b36,c40000000000006e00001c0000c20000,4,8124,2,1,0
1,135,00112233445566778899aabbccddf0c6,5,1,5,24,2,1,00000000000000000000240000000000,4ba1b0f1d736fa0156b576982f72fe72,4ba137f1d76dfa0113b576982f72fe81,00008700005b000045000000000000f3,4,2481,0,2,0
1,136,00112233445566778899aabbccddf0c7,2,1,2,04,1,1,00000000000000000000000000040000,d77c608bf2900bf5564bceac759a5210,d77c60adf290e3f5561aceacc39a5210,000000260000e80000510000b6000000,4,1248,3,1,0
1,137,00112233445566778899aabbccddf0c8,13,1,13,80,1,1,00008000000000000000000000000000,1d537ed1f9d05fe7166411c10afa8e1e,b3537ed1f9d05f2f1664aac10ac98e1e,ae000000000000c80000bb0000330000,4,8124,2,1,0
1,139,00112233445566778899aabbccddf0ca,3,1,3,06,2,1,00000000000000000000000006000000,043981b1cecc3d5c9aa39d8dabff05c6,043981f7cecc065c9a9d9d8d03ff05c6,0000004600003b00003e0000a8000000,4,1248,3,2,0
1,140,00112233445566778899aabbccddf0cb,5,1,5,08,1,1,00000000000000000000080000000000,4c6a1bb1dd66b66cd62fe5eadd81dd78,4c6a08b1dd9db66c152fe5eadd81dd84,0000130000fb0000c3000000000000fc,4,2481,0,1,0
1,141,00112233445566778899aabbccddf0cc,2,1,2,40,1,1,00000000000000000000000000400000,23ed70577b8bc37b55c4d6729bc91bda,23ed708f7b8bf07b552ed67236c91bda,000000d80000330000ea0000ad000000,4,1248,3,1,0
1,143,00112233445566778899aabbccddf0ce,7,1,7,14,2,1,00000000000000001400000000000000,7bb0497eef701f92423ca7b351fdaeea,7bb0627eeff11f922a3ca7b351fdae49,00002b000081000068000000000000a3,4,2481,0,2,0
1,144,00112233445566778899aabbccddf0cf,15,1,15,80,1,1,80000000000000000000000000000000,1105f770d223bb025277c04d21eb6c38,6405f770d223bb755277504d21936c38,75000000000000770000900000780000,4,8124,2,1,0
1,145,00112233445566778899aabbccddf0d0,12,1,12,40,1,1,00000040000000000000000000000000,415ff3766c34b87882f2cbb6730f8941,1e5ff3766c34b8eb82f2adb673228941,5f0000000000009300006600002d0000,4,8124,2,1,0
1,146,00112233445566778899aabbccddf0d1,10,1,10,80,1,1,00000000008000000000000000000000,a8b2707cfb8cf21868a1a8bae59ff8b4,a809707c498cf21868a1a8c3e59f8cb4,00bb0000b20000000000007900007400,4,4812,1,1,0
1,148,00112233445566778899aabbccddf0d3,14,1,14,11,2,1,00110000000000000000000000000000,838f80212bda7d79a198878fc1c8dd86,2b8f80212bda7de6a198928fc112dd86,a80000000000009f0000150000da0000,4,8124,2,2,0
1,151,00112233445566778899aabbccddf0d6,14,1,14,20,1,1,00200000000000000000000000000000,19e97969b95f551db43807b60ee90756,90e97969b95f554fb438a2b60e100756,89000000000000520000a50000f90000,4,8124,2,1,0
1,152,00112233445566778899aabbccddf0d7,14,1,14,10,1,1,00100000000000000000000000000000,009a9c63304b440ada42af66acf056f6,839a9c63304b4458da42e366ac1456f6,830000000000005200004c0000e40000,4,8124,2,1,0
1,153,00112233445566778899aabbccddf0d8,5,1,5,08,1,1,00000000000000000000080000000000,010c4c00e665a94854ec2be89ab3767e,010cdc00e618a948b6ec2be89ab37699,00009000007d0000e2000000000000e7,4,2481,0,1,0
1,154,00112233445566778899aabbccddf0d9,2,1,2,11,2,1,00000000000000000000000000110000,a2524d9c17c27cb9b84775c7781c4ed6,a2524dba17c2d7b9b82e75c7281c4ed6,000000260000ab000069000050000000,4,1248,3,2,0
1,155,00112233445566778899aabbccddf0da,13,1,13,04,1,1,00000400000000000000000000000000,28b07088d57d755abc66a5a17b6ee110,09b07088d57d751cbc6604a17b75e110,21000000000000460000a100001b0000,4,8124,2,1,0
1,156,00112233445566778899aabbccddf0db,8,1,8,40,1,1,00000000000000400000000000000000,d73f2c28f902f1f6bf29d200de95c193,d7a72c289b02f1f6bf29d20fde950593,00980000620000000000000f0000c400,4,4812,1,1,0
1,158,00112233445566778899aabbccddf0dd,11,1,11,80,1,1,00000000800000000000000000000000,cc84cf135b6e363fa47301bc567b6265,cc53cf13616e363fa4730119567baa65,00d700003a000000000000a50000c800,4,4812,1,1,0
1,160,00112233445566778899aabbccddf0df,3,1,3,08,1,1,00000000000000000000000008000000,71ac6b45b70aec2c39bff3590c064610,71ac6b1bb70a872c391cf359c6064610,0000005e00006b0000a30000ca000000,4,1248,3,1,0
1,161,00112233445566778899aabbccddf0e0,13,1,13,80,1,1,00008000000000000000000000000000,158cf7e4be6118c1cf146c2f1eeb50b5,c78cf7e4be6118a9cf14312f1e9d50b5,d20000000000006800005d0000760000,4,8124,2,1,0
1,162,00112233445566778899aabbccddf0e1,3,1,3,c0,2,1,000000000000000000000000c0000000,62c8c890f1f43a3b94d8e60876a93f3d,62c8c870f1f40e3b946ee608e9a93f3d,000000e00000340000b600009f000000,4,1248,3,2,0
1,163,00112233445566778899aabbccddf0e2,11,1,11,20,1,1,00000000200000000000000000000000,86b3285df9d997ca0936280672ddf891,86c7285d9bd997ca093628ac72ddb491,0074000062000000000000aa00004c00,4,4812,1,1,0
1,165,00112233445566778899aabbccddf0e4,14,1,14,02,1,1,00020000000000000000000000000000,688a886799543ed4392fadc8524c4e62,0e8a886799543efa392f01c852b54e62,660000000000002e0000ac0000f90000,4,8124,2,1,0
1,166,00112233445566778899aabbccddf0e5,2,1,2,10,1,1,00000000000000000000000000100000,09ad1c79ffa2ed138fb7acd95dce7054,09ad1c2bffa217138f96acd948ce7054,000000520000fa000021000015000000,4,1248,3,1,0
1,167,00112233445566778899aabbccddf0e6,15,1,15,20,1,1,20000000000000000000000000000000,a45869db856d27dd9cac694016e8795a,ae5869db856d27d79cacd240164b795a,0a0000000000000a0000bb0000a30000,4,8124,2,1,0
1,168,00112233445566778899aabbccddf0e7,12,1,12,80,1,1,00000080000000000000000000000000,e4e0104c260fde8dc47eb813cdeb4561,12e0104c260fde78c47e4013cd934561,f6000000000000f50000f80000780000,4,8124,2,1,0
1,169,00112233445566778899aabbccddf0e8,5,1,5,80,1,1,00000000000000000000800000000000,2cebdd7bfbb12918dad5ffd4c41c9bd5,2ceb837bfb2e29183cd5ffd4c41c9bd0,00005e00009f0000e600000000000005,4,2481,0,1,0
1,170,00112233445566778899aabbccddf0e9,10,1,10,03,2,1,00000000000300000000000000000000,cefeafbb330330fe4bd2cdaf2f789732,ce6eafbb4b0330fe4bd2cdc92f78e532,00900000780000000000006600007200,4,4812,1,2,0
1,171,00112233445566778899aabbccddf0ea,7,1,7,40,1,1,00000000000000004000000000000000,14c2592ba5542ffd668d467f8cc22484,14c23c2ba5232ffde38d467f8cc22486,00006500007700008500000000000002,4,2481,0,1,0
1,172,00112233445566778899aabbccddf0eb,4,1,4,01,1,1,00000000000000000000000100000000,2c8969dce72fd17f72d90287e484dcdf,2c89d3dce768d17fc7d90287e484dc33,0000ba0000470000b5000000000000ec,4,2481,0,1,0
1,173,00112233445566778899aabbccddf0ec,12,1,12,20,1,1,00000020000000000000000000000000,daa80aa4a96f477927638e5c2777db60,3ca80aa4a96f47d22763af5c2789db60,e6000000000000ab0000210000fe0000,4,8124,2,1,0
1,174,00112233445566778899aabbccddf0ed,6,1,6,60,2,1,00000000000000000060000000000000,d647155695a47fe39447abf5637524ff,d647e85695307fe33a47abf56375243b,0000fd0000940000ae000000000000c4,4,2481,0,2,0
1,175,00112233445566778899aabbccddf0ee,0,1,0,01,1,1,00000000000000000000000000000001,e562f054a174b9745eafbbb9c0abff89,e562f0f3a174e5745eb7bbb91dabff89,000000a700005c0000180000dd000000,4,1248,3,1,0
1,176,00112233445566778899aabbccddf0ef,2,1,2,14,2,1,00000000000000000000000000140000,2bdc6fbec98687fe6800e5cf0f1f21a3,2bdc6f41c9868efe68e8e5cf221f21a3,000000ff0000090000e800002d000000,4,1248,3,2,0
1,177,00112233445566778899aabbccddf0f0,1,1,1,04,1,1,00000000000000000000000000000400,a7c612bb644192c23b53c34fea2a5b52,a7c612ec644111c23bb2c34fbc2a5b52,000000570000830000e1000056000000,4,1248,3,1,0
1,178,00112233445566778899aabbccddf0f1,7,1,7,14,2,1,00000000000000001400000000000000,69877cf9d053cdeac2ab51e039dd7334,698776f9d0dbcdea43ab51e039dd73f4,00000a000088000081000000000000c0,4,2481,0,2,0
1,179,00112233445566778899aabbccddf0f2,6,1,6,04,1,1,00000000000000000004000000000000,2a839dbdfe79d1e4f47fe5412c9cd298,2a833dbdfeb3d1e4c77fe5412c9cd2a5,0000a00000ca0000330000000000003d,4,2481,0,1,0
1,180,00112233445566778899aabbccddf0f3,13,1,13,01,1,1,00000100000000000000000000000000,560b4e4fd37227f95f1d858945917dc4,110b4e4fd37227b75f1d808945a67dc4,470000000000004e0000050000370000,4,8124,2,1,0
1,181,00112233445566778899aabbccddf0f4,14,1,14,20,1,1,00200000000000000000000000000000,6f27714016efe6ac0f32fbe2d869a610,f227714016efe6110f3263e2d872a610,9d000000000000bd00009800001b0000,4,8124,2,1,0
1,182,00112233445566778899aabbccddf0f5,6,1,6,40,1,1,00000000000000000040000000000000,664e53ff29664871173844888155277b,664e6aff291e4871a638448881552701,0000390000780000b10000000000007a,4,2481,0,1,0
1,183,00112233445566778899aabbccddf0f6,15,1,15,01,1,1,01000000000000000000000000000000,02c95f2135255fa092afbc9406ae113d,2fc95f2135255f0d92af5894066f113d,2d000000000000ad0000e40000c10000,4,8124,2,1,0
1,184,00112233445566778899aabbccddf0f7,15,1,15,10,1,1,10000000000000000000000000000000,87e17051d51d171f48bf1206a4963e29,fde17051d51d17e248bf9506a4e63e29,7a000000000000fd0000870000700000,4,8124,2,1,0
1,185,00112233445566778899aabbccddf0f8,13,1,13,20,1,1,00002000000000000000000000000000,06eb49b468f0867ad0ad404456f76f59,d2eb49b468f086d1d0ada84456746f59,d4000000000000ab0000e80000830000,4,8124,2,1,0
1,186,00112233445566778899aabbccddf0f9,5,1,5,80,1,1,00000000000000000000800000000000,dc9fcc22af83e3f35b05ff00cad47918,dc9fdc22afdae3f3e805ff00cad479f1,0000100000590000b3000000000000e9,4,2481,0,1,0
1,187,00112233445566778899aabbccddf0fa,12,1,12,24,2,1,00000024000000000000000000000000,8ba37a1048ce6d945c6e45c3a879b933,5fa37a1048ce6d195c6ee4c3a8e6b933,d40000000000008d0000a100009f0000,4,8124,2,2,0
1,189,00112233445566778899aabbccddf0fc,11,1,11,02,1,1,00000000020000000000000000000000,3ecb742f6b56fdcb94924a6148f7c5b8,3e41742fbb56fdcb94924a0048f7c6b8,008a0000d00000000000006100000300,4,4812,1,1,0
1,190,00112233445566778899aabbccddf0fd,12,1,12,88,2,1,00000088000000000000000000000000,9053b26db8f9156d26432644ad367c8b,fd53b26db8f9158f26434b44ad2e7c8b,6d000000000000e200006d0000180000,4,8124,2,2,0
1,191,00112233445566778899aabbccddf0fe,10,1,10,04,1,1,00000000000400000000000000000000,b716b5b2133eeee73122a61a56b5a967,b7beb5b2f13eeee73122a6e956b5d467,00a80000e2000000000000f300007d00,4,4812,1,1,0
1,192,00112233445566778899aabbccddf0ff,9,1,9,02,1,1,00000000000002000000000000000000,bba00c99bf34633dc95ca066c32ea46c,bbae0c991e34633dc95ca0adc32e736c,000e0000a1000000000000cb0000d700,4,4812,1,1,0
1,193,00112233445566778899aabbccddf100,1,1,1,10,1,1,00000000000000000000000000001000,ea9ad8096066d38b141eee25e30e5d8d,ea9ad8506066678b148cee25e20e5d8d,000000590000b4000092000001000000,4,1248,3,1,0
1,195,00112233445566778899aabbccddf102,4,1,4,80,1,1,00000000000000000000008000000000,4fdd78da16940d2a30a11edda3de0198,4fdd9eda16c90d2adfa11edda3de01d2,0000e600005d0000ef0000000000004a,4,2481,0,1,0
1,196,00112233445566778899aabbccddf103,13,1,13,10,1,1,00001000000000000000000000000000,fa2513078f44c06471629a1535a39e21,472513078f44c0937162551535769e21,bd000000000000f70000cf0000d50000,4,8124,2,1,0
1,197,00112233445566778899aabbccddf104,3,1,3,01,1,1,00000000000000000000000001000000,1c12cc948cc2a52eac02ac9267f866a4,1c12cc378cc2c72eac41ac925bf866a4,000000a300006200004300003c000000,4,1248,3,1,0
1,198,00112233445566778899aabbccddf105,15,1,15,24,2,1,24000000000000000000000000000000,101f043f8e3b15be8ac3881c6671ea1b,8b1f043f8e3b15948ac3731c66c7ea1b,9b0000000000002a0000fb0000b60000,4,8124,2,2,0
1,200,00112233445566778899aabbccddf107,4,1,4,10,1,1,00000000000000000000001000000000,29525f9fb8be8fcb6ae92cba77be7bff,29521f9fb8fe8fcbfce92cba77be7b30,000040000040000096000000000000cf,4,2481,0,1,0
1,201,00112233445566778899aabbccddf108,6,1,6,01,1,1,00000000000000000001000000000000,f658611297adc2f1a45371fd2595ac64,f658e81297ddc2f19e5371fd2595ac75,00008900007000003a00000000000011,4,2481,0,1,0
1,203,00112233445566778899aabbccddf10a,1,1,1,10,1,1,00000000000000000000000000001000,f1c93a9b0816e26e654944a1021aa341,f1c93a900816a76e654a44a1401aa341,0000000b000045000003000042000000,4,1248,3,1,0
1,204,00112233445566778899aabbccddf10b,9,1,9,01,1,1,00000000000001000000000000000000,dbcdc56a8e62f966080ef67f058600c2,db9ac56a3962f966080ef6350586e0c2,00570000b70000000000004a0000e000,4,4812,1,1,0
1,205,00112233445566778899aabbccddf10c,9,1,9,10,1,1,00000000000010000000000000000000,e7507405b2552bd50fe4669967fadcc7,e75a7405b4552bd50fe4661867fa05c7,000a000006000000000000810000d900,4,4812,1,1,0
1,206,00112233445566778899aabbccddf10d,7,1,7,80,1,1,00000000000000008000000000000000,9413135df41e37879ed24ee2b9881938,94131b5df4663787b0d24ee2b98819bd,00000800007800002e00000000000085,4,2481,0,1,0
1,207,00112233445566778899aabbccddf10e,13,1,13,80,1,1,00008000000000000000000000000000,1325d18cd709bbb180cb60cb85420c99,bd25d18cd709bbcb80cb06cb85820c99,ae0000000000007a0000660000c00000,4,8124,2,1,0
1,208,00112233445566778899aabbccddf10f,15,1,15,40,1,1,40000000000000000000000000000000,176be4568f1949b79e1eeedd3a5a535b,186be4568f19490b9e1e2ddd3acc535b,0f000000000000bc0000c30000960000,4,8124,2,1,0
1,210,00112233445566778899aabbccddf111,15,1,15,20,1,1,20000000000000000000000000000000,90e430b8998d3fd0af05138402825811,f3e430b8998d3f14af05e58402d95811,63000000000000c40000f600005b0000,4,8124,2,1,0
1,211,00112233445566778899aabbccddf112,8,1,8,50,2,1,00000000000000500000000000000000,f5986e030aeb9f0fe1952291c1860d69,f5f46e0332eb9f0fe195221dc1869569,006c0000380000000000008c00009800,4,4812,1,2,0
1,212,00112233445566778899aabbccddf113,11,1,11,02,1,1,00000000020000000000000000000000,192e905dff724828d9f2fc283bdc8519,19f4905d7e724828d9f2fcec3bdc8019,00da000081000000000000c400000500,4,4812,1,1,0
1,213,00112233445566778899aabbccddf114,6,1,6,04,1,1,00000000000000000004000000000000,9bab9f9999dbcbbeba1fdb6b2d09d8cb,9babf79999d0cbbed81fdb6b2d09d80f,00006800000b000062000000000000c4,4,2481,0,1,0
1,214,00112233445566778899aabbccddf115,6,1,6,40,1,1,00000000000000000040000000000000,33135d20967ac7f1d060bcf56e8221b7,3313b520966bc7f1c960bcf56e8221ac,0000e80000110000190000000000001b,4,2481,0,1,0
1,215,00112233445566778899aabbccddf116,11,1,11,04,1,1,00000000040000000000000000000000,563be85cf79124038e799ee1d1b03254,56c2e85cfc9124038e799ec1d1b00f54,00f900000b0000000000002000003d00,4,4812,1,1,0
1,216,00112233445566778899aabbccddf117,8,1,8,08,1,1,00000000000000080000000000000000,72ff99becb18f6615d8764c809002aa2,720c99be6318f6615d8764e40900eea2,00f30000a80000000000002c0000c400,4,4812,1,1,0
1,217,00112233445566778899aabbccddf118,5,1,5,20,1,1,00000000000000000000200000000000,43a7fde8f83d9f743002972106aaa600,43a7a8e8f8339f744202972106aaa67f,00005500000e0000720000000000007f,4,2481,0,1,0
1,218,00112233445566778899aabbccddf119,3,1,3,10,1,1,00000000000000000000000010000000,b3f02cff196c554f451f49f5a297fec1,b3f02c2f196c9f4f452449f55c97fec1,000000d00000ca00003b0000fe000000,4,1248,3,1,0
1,219,00112233445566778899aabbccddf11a,4,1,4,40,1,1,00000000000000000000004000000000,979ab2275be95e45a3a94e3851294fa8,979a07275b525e45afa94e3851294ffd,0000b50000bb00000c00000000000055,4,2481,0,1,0
1,220,00112233445566778899aabbccddf11b,11,1,11,08,1,1,00000000080000000000000000000000,f04de4b8cd078bc5d820f3c91f29c3c9,f0b0e4b87e078bc5d820f34a1f2957c9,00fd0000b30000000000008300009400,4,4812,1,1,0
1,222,00112233445566778899aabbccddf11d,15,1,15,11,2,1,11000000000000000000000000000000,ee226a389c9755400d8dbb2fcafa5f92,dd226a389c9755740d8dcb2fcaf85f92,33000000000000340000700000020000,4,8124,2,2,0
1,223,00112233445566778899aabbccddf11e,4,1,4,11,2,1,00000000000000000000001100000000,4999ac52fb605ddf4608d628f919389d,4999e452fb865ddfa708d628f91938d9,0000480000e60000e100000000000044,4,2481,0,2,0
1,224,00112233445566778899aabbccddf11f,14,1,14,08,1,1,00080000000000000000000000000000,9d838a4f68b0e2cd7d249a09e6fe2e49,2f838a4f68b0e2907d242b09e62e2e49,b20000000000005d0000b10000d00000,4,8124,2,1,0
1,225,00112233445566778899aabbccddf120,2,1,2,40,1,1,00000000000000000000000000400000,5ba50889642724df93aed6071579f1ff,5ba5084a64271edf934ed6077e79f1ff,000000c300003a0000e000006b000000,4,1248,3,1,0
1,226,00112233445566778899aabbccddf121,8,1,8,80,1,1,00000000000000800000000000000000,7b9f5a91a48c95de4f307c5d67d0d0bc,7b3b5a910a8c95de4f307c8667d03cbc,00a40000ae000000000000db0000ec00,4,4812,1,1,0
1,227,00112233445566778899aabbccddf122,10,1,10,48,2,1,00000000004800000000000000000000,49331f41a6a59ae1d48e5a8dc165e682,49811f41d4a59ae1d48e5a7fc1650182,00b2000072000000000000f20000e700,4,4812,1,2,0
1,228,00112233445566778899aabbccddf123,12,1,12,04,1,1,00000004000000000000000000000000,1362d80d3e5056347ce65ef4ed28ba87,4a62d80d3e50562f7ce617f4ed8bba87,590000000000001b0000490000a30000,4,8124,2,1,0
1,229,00112233445566778899aabbccddf124,7,1,7,04,1,1,00000000000000000400000000000000,d825bf293c4e7faf1952c403b0472b32,d82527293cf47fafff52c403b0472b4f,0000980000ba0000e60000000000007d,4,2481,0,1,0
1,230,00112233445566778899aabbccddf125,14,1,14,40,1,1,00400000000000000000000000000000,90e354732e42e963f987ee42cb5e7f5d,e7e354732e42e986f9872d42cb487f5d,77000000000000e50000c30000160000,4,8124,2,1,0
1,231,00112233445566778899aabbccddf126,10,1,10,10,1,1,00000000001000000000000000000000,e7d6bbe0cc397097ff055e1daf2c4f2b,e7d0bbe0a6397097ff055eceaf2c9e2b,000600006a000000000000d30000d100,4,4812,1,1,0
1,232,00112233445566778899aabbccddf127,9,1,9,0a,2,1,0000000000000a000000000000000000,486ba39644864418213d629268c6c89e,4889a39667864418213d62e168c6d29e,00e20000230000000000007300001a00,4,4812,1,2,0
1,234,00112233445566778899aabbccddf129,4,1,4,80,1,1,00000000000000000000008000000000,e809e9ad858b97f82bd83d839289262b,e8096dad850597f881d83d83928926df,00008400008e0000aa000000000000f4,4,2481,0,1,0
1,235,00112233445566778899aabbccddf12a,5,1,5,01,1,1,00000000000000000000010000000000,0bfc0c26c72baf659f6f4d1b528d4c1c,0bfc6426c71caf65dc6f4d1b528d4cde,000068000037000043000000000000c2,4,2481,0,1,0
1,236,00112233445566778899aabbccddf12b,13,1,13,20,1,1,00002000000000000000000000000000,a2e733eb70e3a521d4f5c309209dbc57,62e733eb70e3a50dd4f5cc092033bc57,c00000000000002c00000f0000ae0000,4,8124,2,1,0
1,237,00112233445566778899aabbccddf12c,2,1,2,80,1,1,00000000000000000000000000800000,33bf4d9fd3e8b1fb82f2c29099aa7323,33bf4d8bd3e8a0fb822bc290b5aa7323,000000140000110000d900002c000000,4,1248,3,1,0
1,238,00112233445566778899aabbccddf12d,0,1,0,02,1,1,00000000000000000000000000000002,8c6864e31ccaf806a20ef75511f458dc,8c6864401ccaaf06a24ef7558bf458dc,000000a300005700004000009a000000,4,1248,3,1,0
1,239,00112233445566778899aabbccddf12e,6,1,6,0a,2,1,0000000000000000000a000000000000,d2ecefbe6a3b1cf85944dd45f50aac38,d2ec1fbe6adc1cf8be44dd45f50aaca5,0000f00000e70000e70000000000009d,4,2481,0,2,0
1,240,00112233445566778899aabbccddf12f,8,1,8,24,2,1,00000000000000240000000000000000,33be302562957714a9dc1a59e27a9d02,334e30252c957714a9dc1aa1e27ab602,00f000004e000000000000f800002b00,4,4812,1,2,0
1,242,00112233445566778899aabbccddf131,12,1,12,04,1,1,00000004000000000000000000000000,31c301d99421778164108f8c8b081405,b9c301d9942177206410ef8c8b1f1405,88000000000000a10000600000170000,4,8124,2,1,0
1,243,00112233445566778899aabbccddf132,5,1,5,08,1,1,00000000000000000000080000000000,adb38e0a0e262ad715417bc9afd932af,adb3300a0e3d2ad7d6417bc9afd932f4,0000be00001b0000c30000000000005b,4,2481,0,1,0
1,244,00112233445566778899aabbccddf133,7,1,7,04,1,1,00000000000000000400000000000000,728dac2759237f2ccdd2ef27d2e28a51,728de72759b17f2c37d2ef27d2e28a43,00004b0000920000fa00000000000012,4,2481,0,1,0
1,246,00112233445566778899aabbccddf135,12,1,12,20,1,1,00000020000000000000000000000000,23d8856af9fa4792852342dc8800521b,88d8856af9fa477b8523fadc88d4521b,ab000000000000e90000b80000d40000,4,8124,2,1,0
1,248,00112233445566778899aabbccddf137,0,1,0,80,1,1,00000000000000000000000000000080,107bd3124de5b7ddb3685d511e1dc832,107bd3114de5faddb3815d51691dc832,0000000300004d0000e9000077000000,4,1248,3,1,0
1,249,00112233445566778899aabbccddf138,8,1,8,24,2,1,00000000000000240000000000000000,4f7dd2c37d6943bb96368ddd8e72d2f9,4faed2c3516943bb96368d4d8e7280f9,00d300002c0000000000009000005200,4,4812,1,2,0
1,252,00112233445566778899aabbccddf13b,4,1,4,01,1,1,00000000000000000000000100000000,8057fd3c5040414918cae781dd5745b2,80573a3c50e64149a4cae781dd574548,0000c70000a60000bc000000000000fa,4,2481,0,1,0
1,253,00112233445566778899aabbccddf13c,1,1,1,10,1,1,00000000000000000000000000001000,233f66a2a39898c55608c9b766866aef,233f66c5a39870c5562cc9b7e7866aef,000000670000e8000024000081000000,4,1248,3,1,0
1,254,00112233445566778899aabbccddf13d,7,1,7,02,1,1,00000000000000000200000000000000,627a52c37e6a11b0b707496922126886,627a07c37e0d11b09b074969221268a6,00005500006700002c00000000000020,4,2481,0,1,0
1,255,00112233445566778899aabbccddf13e,4,1,4,48,2,1,00000000000000000000004800000000,176412aa28b9215eb3926c747041833a,176490aa28a1215e82926c74704183c2,000082000018000031000000000000f8,4,2481,0,2,0
1,256,00112233445566778899aabbccddf13f,9,1,9,08,1,1,00000000000008000000000000000000,4a860898e330f499c4e627b8d72b8bf6,4a4408989730f499c4e627a9d72b21f6,00c2000074000000000000110000aa00,4,4812,1,1,0
1,257,00112233445566778899aabbccddf140,12,1,12,20,1,1,00000020000000000000000000000000,1c3ecd8bbdc563559653c8329233083b,153ecd8bbdc563ef96539732924a083b,09000000000000ba00005f0000790000,4,8124,2,1,0
1,258,00112233445566778899aabbccddf141,12,1,12,20,1,1,00000020000000000000000000000000,8ff4aa7368449d94a15e31d7fc376125,99f4aa7368449d82a15ee5d7fca26125,16000000000000160000d40000950000,4,8124,2,1,0
1,259,00112233445566778899aabbccddf142,13,1,13,20,1,1,00002000000000000000000000000000,ee549f4e8d176f71fe14f5543ac9252e,71549f4e8d176ff1fe14a9543a14252e,9f0000000000008000005c0000dd0000,4,8124,2,1,0
1,260,00112233445566778899aabbccddf143,13,1,13,40,1,1,00004000000000000000000000000000,62ed4c6c19320017725d9b90aee21ea9,23ed4c6c19320052725d6790aeb21ea9,41000000000000450000fc0000500000,4,8124,2,1,0
1,261,00112233445566778899aabbccddf144,3,1,3,02,1,1,00000000000000000000000002000000,8e809d79bbac1b22f1b062ba64618f81,8e809df3bbac4322f19c62ba97618f81,0000008a00005800002c0000f3000000,4,1248,3,1,0
1,262,00112233445566778899aabbccddf145,1,1,1,04,1,1,00000000000000000000000000000400,c8e6ce764063b7dd0544538822568466,c8e6ceee406335dd05495388a7568466,0000009800008200000d000085000000,4,1248,3,1,0
1,263,00112233445566778899aabbccddf146,6,1,6,10,1,1,00000000000000000010000000000000,48eb95a8223680f28d05902676b79d21,48eb3ba8223980f22505902676b79d8b,0000ae00000f0000a8000000000000aa,4,2481,0,1,0
1,264,00112233445566778899aabbccddf147,15,1,15,01,1,1,01000000000000000000000000000000,9e099129a0c18908fb7f2f7e9309a1cf,5d099129a0c189c6fb7fcf7e93a8a1cf,c3000000000000ce0000e00000a10000,4,8124,2,1,0
1,265,00112233445566778899aabbccddf148,13,1,13,10,1,1,00001000000000000000000000000000,234ddadda1f004465ac330260256236c,4f4ddadda1f0040d5ac3ef26027d236c,6c0000000000004b0000df00002b0000,4,8124,2,1,0
1,267,00112233445566778899aabbccddf14a,12,1,12,50,2,1,00000050000000000000000000000000,e82e4d0292e8765b6507140dea46dfb9,272e4d0292e876176507100dea2cdfb9,cf0000000000004c00000400006a0000,4,8124,2,2,0
1,269,00112233445566778899aabbccddf14c,4,1,4,01,1,1,00000000000000000000000100000000,f59ad038112986c501787f6d43c270ea,f59a7d3811ea86c5d3787f6d43c27069,0000ad0000c30000d200000000000083,4,2481,0,1,0
1,270,00112233445566778899aabbccddf14d,2,1,2,28,2,1,00000000000000000000000000280000,ba7b83c513e3e40a6a6f1e3f617e5c52,ba7b83bc13e3c30a6ad41e3f2b7e5c52,000000790000270000bb00004a000000,4,1248,3,2,0
1,271,00112233445566778899aabbccddf14e,15,1,15,20,1,1,20000000000000000000000000000000,0a221b177b5ee81854a5974722b2a825,50221b177b5ee8c254a5e44722c0a825,5a000000000000da0000730000720000,4,8124,2,1,0
1,272,00112233445566778899aabbccddf14f,2,1,2,08,1,1,00000000000000000000000000080000,1a38f39a7263816a540553025ea9dee0,1a38f37b72637c6a54085302c6a9dee0,000000e10000fd00000d000098000000,4,1248,3,1,0
1,273,00112233445566778899aabbccddf150,5,1,5,12,2,1,00000000000000000000120000000000,7dce73dd5cac9be5028c0142fb863777,7dce10dd5c549be52e8c0142fb8637bc,0000630000f800002c000000000000cb,4,2481,0,2,0
1,274,00112233445566778899aabbccddf151,11,1,11,0a,2,1,000000000a0000000000000000000000,fce642f0eb57466f73b9d8d70b2d93d7,fcbf42f00457466f73b9d8cb0b2d4fd7,00590000ef0000000000001c0000dc00,4,4812,1,2,0
1,275,00112233445566778899aabbccddf152,2,1,2,01,1,1,00000000000000000000000000010000,a0ce8f0112fc0f2f8e54cf93aba760aa,a0ce8fe612fc072f8efacf9377a760aa,000000e70000080000ae0000dc000000,4,1248,3,1,0
1,276,00112233445566778899aabbccddf153,9,1,9,88,2,1,00000000000088000000000000000000,c03e95f6958ea3902cb710bf462c6b2d,c05395f6dc8ea3902cb710b6462c702d,006d0000490000000000000900001b00,4,4812,1,2,0
1,277,00112233445566778899aabbccddf154,13,1,13,c0,2,1,0000c000000000000000000000000000,59d9c51ae25c8fcc9d20cc002a7b0eb3,f3d9c51ae25c8f4b9d2053002acb0eb3,aa0000000000008700009f0000b00000,4,8124,2,2,0
1,278,00112233445566778899aabbccddf155,2,1,2,03,2,1,00000000000000000000000000030000,d36edd713f5643ee2f6bf0960c9e9d70,d36edd263f5655ee2f30f096109e9d70,0000005700001600005b00001c000000,4,1248,3,2,0
1,279,00112233445566778899aabbccddf156,11,1,11,20,1,1,00000000200000000000000000000000,108bd9e7f29065aa6e74f38bb3c7e4b6,103bd9e7c89065aa6e74f33ab3c797b6,00b000003a000000000000b100007300,4,4812,1,1,0
1,280,00112233445566778899aabbccddf157,2,1,2,60,2,1,00000000000000000000000000600000,f3c0f17ef5e86d722df86726c2034534,f3c0f14df5e8a8722d9e6726b4034534,000000330000c5000066000076000000,4,1248,3,2,0
1,281,00112233445566778899aabbccddf158,13,1,13,12,2,1,00001200000000000000000000000000,135c0d7a995ba2d71c853b56d0d24ae9,2d5c0d7a995ba2fa1c859c56d0b34ae9,3e0000000000002d0000a70000610000,4,8124,2,2,0
1,282,00112233445566778899aabbccddf159,14,1,14,04,1,1,00040000000000000000000000000000,a1a2ff2052c60753dd210c545e932de1,67a2ff2052c6077add21bd545ea32de1,c6000000000000290000b10000300000,4,8124,2,1,0
1,283,00112233445566778899aabbccddf15a,12,1,12,02,1,1,00000002000000000000000000000000,f2586672a65ddad49f2671c99e20ba5e,40586672a65dda2e9f2655c99e50ba5e,b2000000000000fa0000240000700000,4,8124,2,1,0
1,284,00112233445566778899aabbccddf15b,11,1,11,80,1,1,00000000800000000000000000000000,f6bbb962e1382c697d32e23d9eef1b4b,f600b9622f382c697d32e2069eefc94b,00bb0000ce0000000000003b0000d200,4,4812,1,1,0
1,285,00112233445566778899aabbccddf15c,0,1,0,08,1,1,00000000000000000000000000000008,ec42d4e3f6a00963467a086e1c69a196,ec42d42ef6a09b6346ef086eb469a196,000000cd0000920000950000a8000000,4,1248,3,1,0
1,286,00112233445566778899aabbccddf15d,7,1,7,20,1,1,00000000000000002000000000000000,871a089458bb9d030fc82f7e44c1f4c5,871ad29458539d03d4c82f7e44c1f476,0000da0000e80000db000000000000b3,4,2481,0,1,0
1,287,00112233445566778899aabbccddf15e,13,1,13,01,1,1,00000100000000000000000000000000,8a3de727758eabbbb1db7874f2c20466,703de727758eab69b1dbe474f2ea0466,fa000000000000d200009c0000280000,4,8124,2,1,0
1,289,00112233445566778899aabbccddf160,5,1,5,40,1,1,00000000000000000000400000000000,49a4a5249e7cdefb6eaebab43d0a55b2,49a435249e63defb22aebab43d0a551f,00009000001f00004c000000000000ad,4,2481,0,1,0
1,290,00112233445566778899aabbccddf161,9,1,9,01,1,1,00000000000001000000000000000000,2bf0f3464df7239751de1b2943b4847b,2b81f346e6f7239751de1b3043b4267b,00710000ab000000000000190000a200,4,4812,1,1,0
1,291,00112233445566778899aabbccddf162,8,1,8,80,1,1,00000000000000800000000000000000,bd7ca7438cde7d7fe25c99fa2eca5c84,bde1a74352de7d7fe25c993c2eca6484,009d0000de000000000000c600003800,4,4812,1,1,0
1,292,00112233445566778899aabbccddf163,5,1,5,14,2,1,00000000000000000000140000000000,a6c3c90a7c48e9ec323cba4bf7ef4779,a6c34e0a7c77e9ec9b3cba4bf7ef47a9,00008700003f0000a9000000000000d0,4,2481,0,2,0
1,293,00112233445566778899aabbccddf164,1,1,1,01,1,1,00000000000000000000000000000100,c228b6a46b25fe2e47af8a46827c6c88,c228b6656b257b2e47158a46137c6c88,000000c10000850000ba000091000000,4,1248,3,1,0
1,294,00112233445566778899aabbccddf165,6,1,6,20,1,1,00000000000000000020000000000000,21f56e5ce392c9c3d8301348f946e109,21f5ff5ce36dc9c303301348f946e144,0000910000ff0000db0000000000004d,4,2481,0,1,0
1,295,00112233445566778899aabbccddf166,3,1,3,08,1,1,00000000000000000000000008000000,f43904049310af54d1c35fdec8756ef1,f439049f9310e354d1735fde0e756ef1,0000009b00004c0000b00000c6000000,4,1248,3,1,0
1,296,00112233445566778899aabbccddf167,6,1,6,20,1,1,00000000000000000020000000000000,b4f2a8a30653550f6bec5247c7404b83,b4f2aaa306b3550f98ec5247c7404b3e,0000020000e00000f3000000000000bd,4,2481,0,1,0
1,297,00112233445566778899aabbccddf168,15,1,15,40,1,1,40000000000000000000000000000000,2502423e7fb648b42e57635d1be45baf,b802423e7fb6483a2e57565d1bcf5baf,9d0000000000008e00003500002b0000,4,8124,2,1,0
1,299,00112233445566778899aabbccddf16a,12,1,12,01,1,1,00000001000000000000000000000000,48d501b29c3ad0d37a913692789436c8,c1d501b29c3ad0927a913e9278af36c8,890000000000004100000800003b0000,4,8124,2,1,0
1,301,00112233445566778899aabbccddf16c,1,1,1,04,1,1,00000000000000000000000000000400,95834856ba8d6fca8e954a37a33d5d6f,95834898ba8d05ca8ea04a37473d5d6f,000000ce00006a0000350000e4000000,4,1248,3,1,0
1,302,00112233445566778899aabbccddf16d,15,1,15,08,1,1,08000000000000000000000000000000,8bd87c58098f683adc03bee671a035d4,70d87c58098f6864dc0309e6718135d4,fb0000000000005e0000b70000210000,4,8124,2,1,0
1,303,00112233445566778899aabbccddf16e,7,1,7,14,2,1,00000000000000001400000000000000,b589dcac12e904eeb4721f20f639d9ca,b5890fac129f04ee47721f20f639d9f9,0000d30000760000f300000000000033,4,2481,0,2,0
1,304,00112233445566778899aabbccddf16f,1,1,1,0a,2,1,00000000000000000000000000000a00,e8adef454833c18abf04c9c32c66d1ad,e8adef634833d18abf64c9c39166d1ad,000000260000100000600000bd000000,4,1248,3,2,0
1,305,00112233445566778899aabbccddf170,10,1,10,88,2,1,00000000008800000000000000000000,4d538c083b87a6a6ebb40e6000673af4,4db08c08de87a6a6ebb40e5c00679df4,00e30000e50000000000003c0000a700,4,4812,1,2,0
1,306,00112233445566778899aabbccddf171,3,1,3,04,1,1,00000000000000000000000004000000,efb22afa22de6b7693fae32ca38be2b4,efb22ab322de12769344e32c7a8be2b4,000000490000790000be0000d9000000,4,1248,3,1,0
1,307,00112233445566778899aabbccddf172,1,1,1,02,1,1,00000000000000000000000000000200,3911683d337dff421f3997c80e95dea0,391168d1337dd6421f3597c8f095dea0,000000ec00002900000c0000fe000000,4,1248,3,1,0
1,308,00112233445566778899aabbccddf173,12,1,12,14,2,1,00000014000000000000000000000000,17db4a1bdd666388bb7629561250f1b7,efdb4a1bdd666374bb76b7561223f1b7,f8000000000000fc00009e0000730000,4,8124,2,2,0
1,309,00112233445566778899aabbccddf174,2,1,2,80,1,1,00000000000000000000000000800000,d56e648509ce2a482181f17b66f815d8,d56e647209ce044821bcf17bb9f815d8,000000f700002e00003d0000df000000,4,1248,3,1,0
1,310,00112233445566778899aabbccddf175,8,1,8,40,1,1,00000000000000400000000000000000,434eaf5e13e8fc892087a7f0d6bcfad0,437baf5e49e8fc892087a78ad6bc4bd0,003500005a0000000000007a0000b100,4,4812,1,1,0
1,311,00112233445566778899aabbccddf176,13,1,13,02,1,1,00000200000000000000000000000000,787a11e9e0a3e371b1bb3e78896bfc07,ec7a11e9e0a3e398b1bb0a788935fc07,94000000000000e900003400005e0000,4,8124,2,1,0
1,312,00112233445566778899aabbccddf177,12,1,12,80,1,1,00000080000000000000000000000000,ad70b09c0f7627c2f399be3762f425b3,0c70b09c0f762787f3990a37620825b3,a1000000000000450000b40000fc0000,4,8124,2,1,0
1,313,00112233445566778899aabbccddf178,11,1,11,04,1,1,00000000040000000000000000000000,fe912cf4711396e78d8bf8243a77ceb8,feef2cf4861396e78d8bf8bb3a779db8,007e0000f70000000000009f00005300,4,4812,1,1,0
1,314,00112233445566778899aabbccddf179,14,1,14,06,2,1,00060000000000000000000000000000,535ae16c468aaa95cf4d5658ca54383c,635ae16c468aaaaccf4d0558cacd383c,30000000000000390000530000990000,4,8124,2,2,0
1,315,00112233445566778899aabbccddf17a,8,1,8,01,1,1,00000000000000010000000000000000,3e98a196110d386f46be2e71790b7bec,3eb5a196b80d386f46be2efd790b70ec,002d0000a90000000000008c00000b00,4,4812,1,1,0
1,316,00112233445566778899aabbccddf17b,13,1,13,08,1,1,00000800000000000000000000000000,c969fd78ff5d514fe87b599a756bc2bf,9469fd78ff5d5103e87b589a753fc2bf,5d0000000000004c0000010000540000,4,8124,2,1,0
1,318,00112233445566778899aabbccddf17d,5,1,5,06,2,1,00000000000000000000060000000000,e1e4bde694ab34d88b0ce5f378b33e76,e1e487e6944434d8b90ce5f378b33e95,00003a0000ef000032000000000000e3,4,2481,0,2,0
1,319,00112233445566778899aabbccddf17e,10,1,10,0a,2,1,00000000000a00000000000000000000,97a36c18569ff9777a4d443552bd5169,970c6c18989ff9777a4d443952bd1b69,00af0000ce0000000000000c00004a00,4,4812,1,2,0
