model_sel,sample_id,plaintext,correct_cipher,fault_cipher,diff,diff_nonzero_count,diff_positions,first_diff_byte,diff_hw_sum,group_tag,is_good_candidate
3,0,00112233445566778899aabbccddf2bf,fd0156d4eac607e96266f83c9a8791c0,fdf156d40ec607e96266f89e9a8783c0,00f00000e4000000000000a200001200,4,"1,4,11,14",1,13,1_4_11_14,True
3,1,00112233445566778899aabbccddf2c0,87d4e4d6e7db23c0a8f82dce154a12bc,38d4e4d6e7db2344a8f8efce153b12bc,bf000000000000840000c20000710000,4,"0,7,10,13",0,16,0_7_10_13,True
3,3,00112233445566778899aabbccddf2c2,8428d27ba2641a0ed933f36e04912133,e528d27ba2641a02d9339a6e04262133,610000000000000c0000690000b70000,4,"0,7,10,13",0,15,0_7_10_13,True
3,4,00112233445566778899aabbccddf2c3,dc4d816a94bb63608d8b99e4b5b910dd,dc17816a11bb63608d8b995bb5b945dd,005a000085000000000000bf00005500,4,"1,4,11,14",1,18,1_4_11_14,True
3,5,00112233445566778899aabbccddf2c4,dc8cb2023082482fe5ed6191a765190c,ac8cb202308248e7e5edce91a7d1190c,70000000000000c80000af0000b40000,4,"0,7,10,13",0,16,0_7_10_13,True
3,6,00112233445566778899aabbccddf2c5,3552bf624cb01afe9950e0d7a64c08b2,35abbf62d3b01afe9950e017a64cb0b2,00f900009f000000000000c00000b800,4,"1,4,11,14",1,18,1_4_11_14,True
3,7,00112233445566778899aabbccddf2c6,0a48296be58402eb42a84435e832c834,0a482941e584b8eb428244356132c834,0000002a0000ba00002a000089000000,4,"3,6,9,12",3,14,3_6_9_12,True
3,8,00112233445566778899aabbccddf2c7,e1a45f902bbd9d8e20b428169b26e678,e1985f90bcbd9d8e20b4288e9b266178,003c0000970000000000009800008700,4,"1,4,11,14",1,16,1_4_11_14,True
3,9,00112233445566778899aabbccddf2c8,463b21582b543b94a8868c25357e4d39,463b21082b547394a81e8c257e7e4d39,0000005000004800009800004b000000,4,"3,6,9,12",3,11,3_6_9_12,True
3,10,00112233445566778899aabbccddf2c9,c68564b9f1cf62f7b50247e7a801bb7e,c6856450f1cf7cf7b54147e72d01bb7e,000000e900001e000043000085000000,4,"3,6,9,12",3,15,3_6_9_12,True
3,11,00112233445566778899aabbccddf2ca,6aa7bc8628db8fbe82a831392586cf5a,6aa7bcc228dbbdbe82543139a486cf5a,000000440000320000fc000081000000,4,"3,6,9,12",3,13,3_6_9_12,True
3,13,00112233445566778899aabbccddf2cc,e586067652d8c39d32462119c35fb0db,e5890676d7d8c39d32462125c35f2ddb,000f0000850000000000003c00009d00,4,"1,4,11,14",1,16,1_4_11_14,True
3,14,00112233445566778899aabbccddf2cd,35ff517199cc781d7c95099c5734d51b,35ff86719930781d5795099c5734d57b,0000d70000fc00002b00000000000060,4,"2,5,8,15",2,18,2_5_8_15,True
3,15,00112233445566778899aabbccddf2ce,0d26fab4a242808b3320564eeae2cdee,0d79fab43942808b33205689eae2e5ee,005f00009b000000000000c700002800,4,"1,4,11,14",1,18,1_4_11_14,True
3,16,00112233445566778899aabbccddf2cf,f1b42e0dfadfefd949a7a9d366c3e57c,f1ef2e0d9adfefd949a7a97966c3957c,005b000060000000000000aa00007000,4,"1,4,11,14",1,14,1_4_11_14,True
3,18,00112233445566778899aabbccddf2d1,fc4daf6d3e490f0ab33be9803ecd2b39,fcd3af6d56490f0ab33be9a43ecdd839,009e000068000000000000240000f300,4,"1,4,11,14",1,16,1_4_11_14,True
3,21,00112233445566778899aabbccddf2d4,d008420fe736026ff6c55905bf186751,d00842d6e736c76ff6bd5905ac186751,000000d90000c5000078000013000000,4,"3,6,9,12",3,16,3_6_9_12,True
3,22,00112233445566778899aabbccddf2d5,bee7808648db2390889bfca8905173b1,bee7804148db789088dcfca88f5173b1,000000c700005b00004700001f000000,4,"3,6,9,12",3,19,3_6_9_12,True
3,23,00112233445566778899aabbccddf2d6,19125bee87f0157a4f80744c6b4cd3cf,191247ee873d157a5380744c6b4cd390,00001c0000cd00001c0000000000005f,4,"2,5,8,15",2,17,2_5_8_15,True
3,25,00112233445566778899aabbccddf2d8,91f897226e9762088827dab6cfd92a02,e0f897226e9762f18827aeb6cfb32a02,71000000000000f900007400006a0000,4,"0,7,10,13",0,18,0_7_10_13,True
3,27,00112233445566778899aabbccddf2da,689bdbbc1b136ba0da18149c05502ff6,689bd9bc1b1a6ba02818149c05502f37,0000020000090000f2000000000000c1,4,"2,5,8,15",2,11,2_5_8_15,True
3,29,00112233445566778899aabbccddf2dc,b4fb00fb29d3c68b8ce7052286bf9837,b4fb51fb29f7c68b06e7052286bf98df,00005100002400008a000000000000e8,4,"2,5,8,15",2,12,2_5_8_15,True
3,31,00112233445566778899aabbccddf2de,ace4017c49b4d148366d639eea15457c,ace4617c4980d148ca6d639eea154574,0000600000340000fc00000000000008,4,"2,5,8,15",2,12,2_5_8_15,True
3,32,00112233445566778899aabbccddf2df,fdb5cf90c6bf226cf32720b35e15e8e4,fdb5cfa8c6bf746cf35520b37815e8e4,00000038000056000072000026000000,4,"3,6,9,12",3,14,3_6_9_12,True
3,34,00112233445566778899aabbccddf2e1,09cea2260b7574ce8e60cd715cc6ca54,becea2260b7574b18e6076715c7dca54,b70000000000007f0000bb0000bb0000,4,"0,7,10,13",0,25,0_7_10_13,True
3,35,00112233445566778899aabbccddf2e2,cc78ece7ec1a8c5a8ad206e841690dc4,cc78ec8bec1a2b5a8afc06e838690dc4,0000006c0000a700002e000079000000,4,"3,6,9,12",3,18,3_6_9_12,True
3,36,00112233445566778899aabbccddf2e3,ecbf30faefea502c73a7ee83db8b84eb,ec7b30fa38ea502c73a7ee4edb8b7feb,00c40000d7000000000000cd0000fb00,4,"1,4,11,14",1,21,1_4_11_14,True
3,37,00112233445566778899aabbccddf2e4,745db411becb6c790d8f8b212f490462,895db411becb6c490d8f21212f3e0462,fd000000000000300000aa0000770000,4,"0,7,10,13",0,19,0_7_10_13,True
3,38,00112233445566778899aabbccddf2e5,35d5ecc944f8f4aa8531a6c15457e80b,358aecc960f8f4aa8531a64b5457750b,005f0000240000000000008a00009d00,4,"1,4,11,14",1,16,1_4_11_14,True
3,39,00112233445566778899aabbccddf2e6,ef87c2bd8d0402eb02d07406b25529f4,ef2ec2bd970402eb02d0743db25520f4,00a900001a0000000000003b00000900,4,"1,4,11,14",1,14,1_4_11_14,True
3,40,00112233445566778899aabbccddf2e7,5ed490b1349fd8ac385b2a763321fc21,5ed490d6349fe9ac38262a76fb21fc21,0000006700003100007d0000c8000000,4,"3,6,9,12",3,17,3_6_9_12,True
3,42,00112233445566778899aabbccddf2e9,642a712ae72bff98dae8c7d8c812e188,c92a712ae72bff06dae800d8c820e188,ad0000000000009e0000c70000320000,4,"0,7,10,13",0,18,0_7_10_13,True
3,44,00112233445566778899aabbccddf2eb,b71614a97f173a156eb9c85be433317f,b7160ca97f133a1521b9c85be43331de,00001800000400004f000000000000a1,4,"2,5,8,15",2,11,2_5_8_15,True
3,45,00112233445566778899aabbccddf2ec,6fc1a74fe401961cbebe9e3dff81c8af,6f89a74f3d01961cbebe9e52ff813caf,00480000d90000000000006f0000f400,4,"1,4,11,14",1,18,1_4_11_14,True
3,46,00112233445566778899aabbccddf2ed,e60e41d6b28594c9626ce234d8106fd3,e60e4196b285b5c9625fe234ab106fd3,00000040000021000033000073000000,4,"3,6,9,12",3,12,3_6_9_12,True
3,48,00112233445566778899aabbccddf2ef,e7422601733ec6a25cf447c197926076,e7422632733e78a25ceb47c154926076,000000330000be00001f0000c3000000,4,"3,6,9,12",3,19,3_6_9_12,True
3,49,00112233445566778899aabbccddf2f0,07441a67c7312826ee716f400eb1a2b0,07441a63c7318426eeb26f40bdb1a2b0,000000040000ac0000c30000b3000000,4,"3,6,9,12",3,14,3_6_9_12,True
3,52,00112233445566778899aabbccddf2f3,d14da3ad859c0191a09b6acb2b6eb34f,d169a3ad189c0191a09b6a562b6e854f,002400009d0000000000009d00003600,4,"1,4,11,14",1,16,1_4_11_14,True
3,53,00112233445566778899aabbccddf2f4,020176991e1b298b22614cbf27920954,0201765f1e1b788b22d14cbf74920954,000000c60000510000b0000053000000,4,"3,6,9,12",3,14,3_6_9_12,True
3,54,00112233445566778899aabbccddf2f5,217012a0059b6ae42a111df2be71c2c2,2d7012a0059b6adf2a1164f2beafc2c2,0c0000000000003b0000790000de0000,4,"0,7,10,13",0,18,0_7_10_13,True
3,55,00112233445566778899aabbccddf2f6,1aa2078a977886326889ad7063adaa5d,97a2078a977886006889037063e4aa5d,8d000000000000320000ae0000490000,4,"0,7,10,13",0,15,0_7_10_13,True
3,56,00112233445566778899aabbccddf2f7,4b9b0bf416b58a0de40787045c6a5c83,4b9b0b9e16b5f90de4848704516a5c83,0000006a00007300008300000d000000,4,"3,6,9,12",3,15,3_6_9_12,True
3,57,00112233445566778899aabbccddf2f8,3856511f2f0df4fa566f9e73e730d2eb,388c511f080df4fa566f9eede730c8eb,00da0000270000000000009e00001a00,4,"1,4,11,14",1,17,1_4_11_14,True
3,58,00112233445566778899aabbccddf2f9,0626f1bcbb35d173d77cbb042c81091f,062683bcbbfad173727cbb042c810993,0000720000cf0000a50000000000008c,4,"2,5,8,15",2,17,2_5_8_15,True
3,59,00112233445566778899aabbccddf2fa,189b5b41a0358185963e2aed15fd06f4,8d9b5b41a03581a3963e96ed150b06f4,95000000000000260000bc0000f60000,4,"0,7,10,13",0,18,0_7_10_13,True
3,61,00112233445566778899aabbccddf2fc,47431e657dae698d347e1408010b11ba,47431ed87dae718d340f1408e70b11ba,000000bd0000180000710000e6000000,4,"3,6,9,12",3,17,3_6_9_12,True
3,62,00112233445566778899aabbccddf2fd,20a90d1d1228c1b8cf545aeb6accec17,205f0d1d9728c1b8cf545a0f6acc3e17,00f6000085000000000000e40000d200,4,"1,4,11,14",1,17,1_4_11_14,True
3,63,00112233445566778899aabbccddf2fe,d3321894c80f62750ef8a6e046cb1f8a,d3321851c80fef750efca6e0efcb1f8a,000000c500008d0000040000a9000000,4,"3,6,9,12",3,13,3_6_9_12,True
3,64,00112233445566778899aabbccddf2ff,622eaee9ef1f7e74f643165c21c66195,7e2eaee9ef1f7ebbf643665c21546195,1c000000000000cf0000700000920000,4,"0,7,10,13",0,15,0_7_10_13,True
3,65,00112233445566778899aabbccddf300,bbe40890ab5072010cbbe92b33323cc8,dbe40890ab5072c20cbb8b2b33843cc8,60000000000000c30000620000b60000,4,"0,7,10,13",0,14,0_7_10_13,True
3,68,00112233445566778899aabbccddf303,c2325f25bc82c65ab6d57ccd696e346f,c2325f4fbc82965ab6697ccde36e346f,0000006a0000500000bc00008a000000,4,"3,6,9,12",3,14,3_6_9_12,True
3,69,00112233445566778899aabbccddf304,93bb0d0e6531956bfd7f79b3f2ff8c69,93060d0e2731956bfd7f7901f2fffd69,00bd000042000000000000b200007100,4,"1,4,11,14",1,16,1_4_11_14,True
3,70,00112233445566778899aabbccddf305,31f859273c05884fbc0fea08c518cc79,310b59276605884fbc0fea2ac518ee79,00f300005a0000000000002200002200,4,"1,4,11,14",1,14,1_4_11_14,True
3,71,00112233445566778899aabbccddf306,07aad416cd8795fe4d0301ff4c33b722,beaad416cd87955f4d03f7ff4ceeb722,b9000000000000a10000f60000dd0000,4,"0,7,10,13",0,20,0_7_10_13,True
3,72,00112233445566778899aabbccddf307,1fbd5f07de5b3add892f37c01a59096d,1f9e5f07b05b3add892f37401a593f6d,002300006e0000000000008000003600,4,"1,4,11,14",1,13,1_4_11_14,True
3,73,00112233445566778899aabbccddf308,94e49276ba3a00fbfd4748a6c8361513,94229276c23a00fbfd4748e8c8369d13,00c60000780000000000004e00008800,4,"1,4,11,14",1,14,1_4_11_14,True
3,75,00112233445566778899aabbccddf30a,25c79f8adc50f4550c6b4348c177667c,25bd9f8af650f4550c6b43ccc177257c,007a00002a0000000000008400004300,4,"1,4,11,14",1,13,1_4_11_14,True
3,78,00112233445566778899aabbccddf30d,1d63bc921a0a6de0ee0ffc9bc7e21ae0,1d6318921a196de06d0ffc9bc7e21a09,0000a4000013000083000000000000e9,4,"2,5,8,15",2,14,2_5_8_15,True
3,80,00112233445566778899aabbccddf30f,afa3c509de9991056c769d62183b0f04,aff5c509559991056c769dda183b5504,005600008b000000000000b800005a00,4,"1,4,11,14",1,16,1_4_11_14,True
3,82,00112233445566778899aabbccddf311,440bf18f5cf33cf8b7f50cfa9839b7e1,440b9b8f5cac3cf876f50cfa9839b7d1,00006a00005f0000c100000000000030,4,"2,5,8,15",2,15,2_5_8_15,True
3,83,00112233445566778899aabbccddf312,15550205bfbad51c732db7da5f75b1e2,1c550205bfbad5d7732d24da5fbcb1e2,09000000000000cb0000930000c90000,4,"0,7,10,13",0,15,0_7_10_13,True
3,85,00112233445566778899aabbccddf314,e68bdecbbf540e1fbedd4f933b4dc807,228bdecbbf540ed0bedd3a933b69c807,c4000000000000cf0000750000240000,4,"0,7,10,13",0,16,0_7_10_13,True
3,86,00112233445566778899aabbccddf315,0bacf6183b11e751614a1584b4d7c453,0ba1f618eb11e751614a155fb4d79553,000d0000d0000000000000db00005100,4,"1,4,11,14",1,15,1_4_11_14,True
3,87,00112233445566778899aabbccddf316,f2ac7d15f065e87ec6713b54a8b75fb1,58ac7d15f065e83ec671a554a8c15fb1,aa0000000000004000009e0000760000,4,"0,7,10,13",0,15,0_7_10_13,True
3,88,00112233445566778899aabbccddf317,db26308a74335703fe3df2d6e468bb8f,db1e308a14335703fe3df217e4689f8f,0038000060000000000000c100002400,4,"1,4,11,14",1,10,1_4_11_14,True
3,91,00112233445566778899aabbccddf31a,b432cc904efc64d05948355be1d21e9d,2e32cc904efc64a35948055be1de1e9d,9a0000000000007300003000000c0000,4,"0,7,10,13",0,13,0_7_10_13,True
3,92,00112233445566778899aabbccddf31b,676d1710c5c9497727b380bcde4ae1f8,276d1710c5c9492227b385bcde31e1f8,400000000000005500000500007b0000,4,"0,7,10,13",0,13,0_7_10_13,True
3,95,00112233445566778899aabbccddf31e,74f48746f6d421861302679dbd0d059c,74ae8746a2d4218613026775bd0d6f9c,005a000054000000000000e800006a00,4,"1,4,11,14",1,15,1_4_11_14,True
3,97,00112233445566778899aabbccddf320,d9925f9b64e2bb1d5aabac697ae8a639,d992fa9b6400bb1da3abac697ae8a695,0000a50000e20000f9000000000000ac,4,"2,5,8,15",2,18,2_5_8_15,True
3,98,00112233445566778899aabbccddf321,129fa2852a7553741d251d9aabd8f5ef,129f39852a525374bc251d9aabd8f568,00009b0000270000a100000000000087,4,"2,5,8,15",2,16,2_5_8_15,True
3,99,00112233445566778899aabbccddf322,2f1f00f1a8ff5d5d42309c66a597f183,2f1fd8f1a8285d5d41309c66a597f1d6,0000d80000d700000300000000000055,4,"2,5,8,15",2,16,2_5_8_15,True
3,100,00112233445566778899aabbccddf323,ee8c69241c7743f466d013ac920d7480,ee9469249d7743f466d013d4920ddd80,0018000081000000000000780000a900,4,"1,4,11,14",1,12,1_4_11_14,True
3,101,00112233445566778899aabbccddf324,0bfa482705ffa14cd8ca672f165107d4,dafa482705ffa1f4d8ca8e2f16c407d4,d1000000000000b80000e90000950000,4,"0,7,10,13",0,17,0_7_10_13,True
3,102,00112233445566778899aabbccddf325,88ed7bbf90b62f33465acc1711f2709b,88ed7b5890b604334680cc17cef2709b,000000e700002b0000da0000df000000,4,"3,6,9,12",3,22,3_6_9_12,True
3,103,00112233445566778899aabbccddf326,716fcef56250aa223b7f47debfbd70d7,716fceec6250a9223b1247de5ebd70d7,0000001900000300006d0000e1000000,4,"3,6,9,12",3,14,3_6_9_12,True
3,104,00112233445566778899aabbccddf327,46377e0d3f3856ff2eb1d8c74d8e2747,46377e4d3f3882ff2e2ed8c7668e2747,000000400000d400009f00002b000000,4,"3,6,9,12",3,15,3_6_9_12,True
3,105,00112233445566778899aabbccddf328,6b490fe9a2a56455c01f9b6ada30dbad,6b49f7e9a26564555d1f9b6ada30db7d,0000f80000c000009d000000000000d0,4,"2,5,8,15",2,15,2_5_8_15,True
3,106,00112233445566778899aabbccddf329,c740d99e2aab6296372559774f38c515,c789d99e6fab6296372559de4f388d15,00c9000045000000000000a900004800,4,"1,4,11,14",1,13,1_4_11_14,True
3,107,00112233445566778899aabbccddf32a,7a5f60bb24c4c16c10b4765e56f5d454,7a6060bb78c4c16c10b476cd56f53d54,003f00005c000000000000930000e900,4,"1,4,11,14",1,19,1_4_11_14,True
3,109,00112233445566778899aabbccddf32c,02c350a9d74af99143d68343f1835df1,021550a99c4af99143d6837cf1831cf1,00d600004b0000000000003f00004100,4,"1,4,11,14",1,17,1_4_11_14,True
3,110,00112233445566778899aabbccddf32d,f280d4d8381cf61e528cdfbdac35c411,f080d4d8381cf6fb528c85bdacd5c411,02000000000000e500005a0000e00000,4,"0,7,10,13",0,13,0_7_10_13,True
3,112,00112233445566778899aabbccddf32f,3656e1ada40c0ae0b06ce5949efc4ad5,d356e1ada40c0ac1b06c03949e904ad5,e5000000000000210000e600006c0000,4,"0,7,10,13",0,16,0_7_10_13,True
3,113,00112233445566778899aabbccddf330,ee72dd9a003ff93345bd69f8a4bcbfb7,ee72999a00f4f93397bd69f8a4bcbf60,0000440000cb0000d2000000000000d7,4,"2,5,8,15",2,17,2_5_8_15,True
3,115,00112233445566778899aabbccddf332,bf0cf24cc5e97bc3c267e34ae493310d,bf0cf270c5e97cc3c2c9e34aac93310d,0000003c0000070000ae000048000000,4,"3,6,9,12",3,14,3_6_9_12,True
3,116,00112233445566778899aabbccddf333,e8c26ad7e1fa0eeb981f172bf6a43cf1,27c26ad7e1fa0ea2981f812bf68c3cf1,cf000000000000490000960000280000,4,"0,7,10,13",0,15,0_7_10_13,True
3,117,00112233445566778899aabbccddf334,4b50fe0b5babcfe31bbfebeb24404123,1e50fe0b5babcfda1bbf69eb24664123,55000000000000390000820000260000,4,"0,7,10,13",0,13,0_7_10_13,True
3,118,00112233445566778899aabbccddf335,71feea712dd69c57c1ccc79a75611ea9,71bbea7142d69c57c1ccc7fc756195a9,004500006f0000000000006600008b00,4,"1,4,11,14",1,17,1_4_11_14,True
3,119,00112233445566778899aabbccddf336,fe9bcf92f9d4cc2c66052b0865f6c846,fe20cf9221d4cc2c66052b5665f67146,00bb0000d80000000000005e0000b900,4,"1,4,11,14",1,20,1_4_11_14,True
3,121,00112233445566778899aabbccddf338,136e801803c51906cb896c3b299e7683,132a8018d1c51906cb896c76299eea83,00440000d20000000000004d00009c00,4,"1,4,11,14",1,14,1_4_11_14,True
3,122,00112233445566778899aabbccddf339,765abd4ad8a70cac2c685e5767b721bd,8d5abd4ad8a70c6d2c685c57674421bd,fb000000000000c10000020000f30000,4,"0,7,10,13",0,17,0_7_10_13,True
3,123,00112233445566778899aabbccddf33a,4a5125bf86fd2b39e77b7ccc6381d861,c85125bf86fd2ba4e77b0fcc6364d861,820000000000009d0000730000e50000,4,"0,7,10,13",0,17,0_7_10_13,True
3,124,00112233445566778899aabbccddf33b,45f3cf9e44bb24e54adaf24627c5fbd2,45f36b9e44c424e516daf24627c5fb3e,0000a400007f00005c000000000000ec,4,"2,5,8,15",2,19,2_5_8_15,True
3,125,00112233445566778899aabbccddf33c,6cc6369f0adebf93bafc7d96db43ea05,6ce7369feadebf93bafc7d13db434e05,00210000e0000000000000850000a400,4,"1,4,11,14",1,11,1_4_11_14,True
3,126,00112233445566778899aabbccddf33d,e17a69c342248f9b3efe778a7b959f0e,e12b69c32d248f9b3efe77cd7b951f0e,005100006f0000000000004700008000,4,"1,4,11,14",1,14,1_4_11_14,True
3,128,00112233445566778899aabbccddf33f,e8d682d0b9ce8138d3a9f6d0741a4a96,e8d68284b9ce0f38d345f6d0bc1a4a96,0000005400008e0000ec0000c8000000,4,"3,6,9,12",3,15,3_6_9_12,True
3,131,00112233445566778899aabbccddf342,7674b1a6fca6e9fa9d83b26ae44724c5,7695b1a6a8a6e9fa9d83b265e44759c5,00e10000540000000000000f00007d00,4,"1,4,11,14",1,17,1_4_11_14,True
3,132,00112233445566778899aabbccddf343,d92daf96118dd3d9eeb3c9d0716965f4,832daf96118dd31beeb37ad0710165f4,5a000000000000c20000b30000680000,4,"0,7,10,13",0,15,0_7_10_13,True
3,133,00112233445566778899aabbccddf344,38015dbc33332fd015ce3770eb3a53b9,38995dbceb332fd015ce376aeb3ad7b9,00980000d80000000000001a00008400,4,"1,4,11,14",1,12,1_4_11_14,True
3,134,00112233445566778899aabbccddf345,dfc72e745e2d65a69724398ffefa3262,df492e74a42d65a69724393afefa2262,008e0000fa000000000000b500001000,4,"1,4,11,14",1,16,1_4_11_14,True
3,135,00112233445566778899aabbccddf346,c307d3cc3a3af8624270100c5e6c7445,c307d3b43a3a23624271100c786c7445,000000780000db000001000026000000,4,"3,6,9,12",3,14,3_6_9_12,True
3,136,00112233445566778899aabbccddf347,b049fcabb7954f7e5a0faf3d3d4593a4,b049fcfcb795667e5aa3af3de14593a4,000000570000290000ac0000dc000000,4,"3,6,9,12",3,17,3_6_9_12,True
3,137,00112233445566778899aabbccddf348,99162d24e9f575d49d8122fa79c8e9f0,6f162d24e9f575519d81cffa793be9f0,f6000000000000850000ed0000f30000,4,"0,7,10,13",0,21,0_7_10_13,True
3,138,00112233445566778899aabbccddf349,bdd761df3f0f58c82e8cf65f51012cc8,bdd7e8df3f1658c8ad8cf65f51012cfc,00008900001900008300000000000034,4,"2,5,8,15",2,12,2_5_8_15,True
3,139,00112233445566778899aabbccddf34a,aa307d666630940ebb4626b3fe91e420,45307d6666309400bb4652b3fe9de420,ef0000000000000e00007400000c0000,4,"0,7,10,13",0,16,0_7_10_13,True
3,142,00112233445566778899aabbccddf34d,62bc32cb6902e72a4e8a4fcf397ca4fa,34bc32cb6902e75a4e8a7dcf398fa4fa,56000000000000700000320000f30000,4,"0,7,10,13",0,16,0_7_10_13,True
3,143,00112233445566778899aabbccddf34e,8f21ad68e1ef2b26d834cdcb9f0e32ce,8f214968e1c52b268b34cdcb9f0e32e4,0000e400002a0000530000000000002a,4,"2,5,8,15",2,14,2_5_8_15,True
3,146,00112233445566778899aabbccddf351,4636eabe93eaecad6d37f339bbdb7359,4636f5be93ebecad0737f339bbdb7355,00001f00000100006a0000000000000c,4,"2,5,8,15",2,12,2_5_8_15,True
3,147,00112233445566778899aabbccddf352,04618f38719adf0270d5bf8d26bd3ed5,0461db387138df0290d5bf8d26bd3e84,0000540000a20000e000000000000051,4,"2,5,8,15",2,12,2_5_8_15,True
3,149,00112233445566778899aabbccddf354,20dd9e811a4c5017b31d5c09e7a9ea59,20dd7b811ae25017091d5c09e7a9eaf2,0000e50000ae0000ba000000000000ab,4,"2,5,8,15",2,20,2_5_8_15,True
3,150,00112233445566778899aabbccddf355,bdd816d2f1edd82039afce6e4f100ac8,bdff16d29cedd82039afcea64f1033c8,002700006d000000000000c800003900,4,"1,4,11,14",1,16,1_4_11_14,True
3,151,00112233445566778899aabbccddf356,e4bf460bceb8ad946034dfa7bc6eef38,e4bf510bcefcad946334dfa7bc6eefba,00001700004400000300000000000082,4,"2,5,8,15",2,10,2_5_8_15,True
3,152,00112233445566778899aabbccddf357,d6ae4374e3b0eb566d94f733bcc48d1d,d62a437460b0eb566d94f79bbcc4c11d,0084000083000000000000a800004c00,4,"1,4,11,14",1,11,1_4_11_14,True
3,153,00112233445566778899aabbccddf358,1c13a72191fd25e3d82ccba257b4c3fc,1c13a78591fd7de3d87bcba2dfb4c3fc,000000a4000058000057000088000000,4,"3,6,9,12",3,13,3_6_9_12,True
3,156,00112233445566778899aabbccddf35b,3ee350b4c5f38b581d4eb5b1d891a8a7,3ee36db4c5ca8b581e4eb5b1d891a85b,00003d000039000003000000000000fc,4,"2,5,8,15",2,17,2_5_8_15,True
3,157,00112233445566778899aabbccddf35c,1e01e1c07dc4a7d095618a45f74ee116,1e01e15d7dc442d095508a450a4ee116,0000009d0000e50000310000fd000000,4,"3,6,9,12",3,20,3_6_9_12,True
3,158,00112233445566778899aabbccddf35d,f49449a2d39056668704cf85541887e6,f49468a2d3675666ee04cf8554188718,0000210000f7000069000000000000fe,4,"2,5,8,15",2,20,2_5_8_15,True
3,159,00112233445566778899aabbccddf35e,e2cba2706f86bf301dc72dee82d96461,e2cba2556f8602301dab2dee87d96461,000000250000bd00006c000005000000,4,"3,6,9,12",3,15,3_6_9_12,True
3,160,00112233445566778899aabbccddf35f,4e0b86da2aa941bde79111eb7fa32aba,4e0b86f02aa9dbbde7cc11ebb6a32aba,0000002a00009a00005d0000c9000000,4,"3,6,9,12",3,16,3_6_9_12,True
3,161,00112233445566778899aabbccddf360,97287d7c9e479c872d29bf401802e8a4,2a287d7c9e479cef2d29ef401834e8a4,bd000000000000680000500000360000,4,"0,7,10,13",0,15,0_7_10_13,True
3,162,00112233445566778899aabbccddf361,1d8878cef37524416e2506de8aa3fd52,1d88786ef37581416e4006de67a3fd52,000000a00000a50000650000ed000000,4,"3,6,9,12",3,16,3_6_9_12,True
3,163,00112233445566778899aabbccddf362,7eeecc13cc9c2eb2fe8838c61bcdd767,7eee5e13ccc12eb29e8838c61bcdd77e,00009200005d00006000000000000019,4,"2,5,8,15",2,13,2_5_8_15,True
3,164,00112233445566778899aabbccddf363,1aa0d41071c3d8b01ec26fcf46090bdf,89a0d41071c3d8e31ec277cf463b0bdf,93000000000000530000180000320000,4,"0,7,10,13",0,13,0_7_10_13,True
3,166,00112233445566778899aabbccddf365,3885651d14e087adf5d529ccd107bb50,3885031d147087addcd529ccd107bb2d,0000660000900000290000000000007d,4,"2,5,8,15",2,15,2_5_8_15,True
3,167,00112233445566778899aabbccddf366,b9f77abf46ffdf50e0145c3bc1bf9d35,b9f77aae46ffe950e09d5c3bcbbf9d35,0000001100003600008900000a000000,4,"3,6,9,12",3,11,3_6_9_12,True
3,169,00112233445566778899aabbccddf368,8b356a2b99ce52ca44d83c2bffc4bc0d,8ba76a2bd9ce52ca44d83c84ffc48a0d,0092000040000000000000af00003600,4,"1,4,11,14",1,14,1_4_11_14,True
3,170,00112233445566778899aabbccddf369,1100b122cbfcf4c28eb18c70f067b81c,1100db22cb58f4c2a5b18c70f067b8c5,00006a0000a400002b000000000000d9,4,"2,5,8,15",2,16,2_5_8_15,True
3,171,00112233445566778899aabbccddf36a,26f4c0320a3df6daa21056a962c306b8,26f4c0f80a3ddcdaa22656a9a5c306b8,000000ca00002a0000360000c7000000,4,"3,6,9,12",3,16,3_6_9_12,True
3,172,00112233445566778899aabbccddf36b,060ec9cebe68f8c177c1ed273731b63e,060ec9d0be6870c177bfed275a31b63e,0000001e00008800007e00006d000000,4,"3,6,9,12",3,17,3_6_9_12,True
3,173,00112233445566778899aabbccddf36c,44a549a1fcf342aac0945c6b476b8901,b9a549a1fcf3424ac094306b47198901,fd000000000000e000006c0000720000,4,"0,7,10,13",0,18,0_7_10_13,True
3,174,00112233445566778899aabbccddf36d,08c561702709700860a0bef6987c73db,08c561902709fd0860dbbef6dc7c73db,000000e000008d00007b000044000000,4,"3,6,9,12",3,15,3_6_9_12,True
3,175,00112233445566778899aabbccddf36e,c23f0532eb7d0e9765fd001e8fd61d28,c23f7232eb580e9792fd001e8fd61d51,0000770000250000f700000000000079,4,"2,5,8,15",2,21,2_5_8_15,True
3,177,00112233445566778899aabbccddf370,32484cc01a9a8535628360dd911fe2de,32264cc0589a8535628360b9911fb4de,006e0000420000000000006400005600,4,"1,4,11,14",1,14,1_4_11_14,True
3,178,00112233445566778899aabbccddf371,be2b307d359b87ff622aa6370915793a,be32307d249b87ff622aa66b09159a3a,00190000110000000000005c0000e300,4,"1,4,11,14",1,14,1_4_11_14,True
3,179,00112233445566778899aabbccddf372,4d1a211d3665907ea12bc22459c13f0e,4dec211d6165907ea12bc24959c1200e,00f60000570000000000006d00001f00,4,"1,4,11,14",1,21,1_4_11_14,True
3,180,00112233445566778899aabbccddf373,56edd858b73a54ee5edd3e0ca625c0b3,56f7d8582d3a54ee5edd3e72a625bfb3,001a00009a0000000000007e00007f00,4,"1,4,11,14",1,20,1_4_11_14,True
3,181,00112233445566778899aabbccddf374,4b8e9c952855eb6b29b0ebdaaefae12b,4b2b9c95d555eb6b29b0ebbeaefa8f2b,00a50000fd0000000000006400006e00,4,"1,4,11,14",1,19,1_4_11_14,True
3,184,00112233445566778899aabbccddf377,bf7669bde574a4025a20fd73df8b21c0,bf76bebde547a4023820fd73df8b21f4,0000d700003300006200000000000034,4,"2,5,8,15",2,16,2_5_8_15,True
3,186,00112233445566778899aabbccddf379,3cb9a01f4edfe68394aba2ff741fabbd,3ca8a01fbddfe68394aba287741fd1bd,00110000f30000000000007800007a00,4,"1,4,11,14",1,17,1_4_11_14,True
3,187,00112233445566778899aabbccddf37a,95e4c49778bd852f25894257b02fc20a,afe4c49778bd85952589a557b0acc20a,3a000000000000ba0000e70000830000,4,"0,7,10,13",0,18,0_7_10_13,True
3,188,00112233445566778899aabbccddf37b,6dd8d39fea078c932f3430194288b345,6dd8d360ea07a8932f793019be88b345,000000ff00002400004d0000fc000000,4,"3,6,9,12",3,20,3_6_9_12,True
3,190,00112233445566778899aabbccddf37d,574495859bae67db2922e9e6108f88c6,594495859bae678029229fe610bf88c6,0e0000000000005b0000760000300000,4,"0,7,10,13",0,15,0_7_10_13,True
3,191,00112233445566778899aabbccddf37e,2ac5cb646b644091268f716c426805b9,2a2acb6471644091268f71a74268b5b9,00ef00001a000000000000cb0000b000,4,"1,4,11,14",1,18,1_4_11_14,True
3,192,00112233445566778899aabbccddf37f,2b19adead61bcaa4d761131ebd6cc801,ca19adead61bcafdd761b51ebd8ac801,e1000000000000590000a60000e60000,4,"0,7,10,13",0,17,0_7_10_13,True
3,194,00112233445566778899aabbccddf381,cffa3e537e23aedde8b9adae683f7687,cffa6f537eb1aeddb3b9adae683f7653,00005100009200005b000000000000d4,4,"2,5,8,15",2,15,2_5_8_15,True
3,195,00112233445566778899aabbccddf382,98cb72fb83d11e435e42942bccba5b51,98cb721983d14b435eeb942b5cba5b51,000000e20000550000a9000090000000,4,"3,6,9,12",3,14,3_6_9_12,True
3,196,00112233445566778899aabbccddf383,8cf8dc048e5c52a8d90facbb8a131a6f,8cf8dc4c8e5cd7a8d958acbb1e131a6f,00000048000085000057000094000000,4,"3,6,9,12",3,13,3_6_9_12,True
3,197,00112233445566778899aabbccddf384,a55fc8c0085079db3029af28febb81a4,a55ffdc008bd79dbd829af28febb8155,0000350000ed0000e8000000000000f1,4,"2,5,8,15",2,19,2_5_8_15,True
3,198,00112233445566778899aabbccddf385,d936508e4146ffe911c938ecbf5544e3,d93d508e5746ffe911c938e0bf5517e3,000b0000160000000000000c00005300,4,"1,4,11,14",1,12,1_4_11_14,True
3,199,00112233445566778899aabbccddf386,6e90038438cfb1d2b37b821e2c22c57f,fd90038438cfb113b37b481e2c64c57f,93000000000000c10000ca0000460000,4,"0,7,10,13",0,14,0_7_10_13,True
3,201,00112233445566778899aabbccddf388,f31e9799fd1b2db250e97cac8320d0d4,1a1e9799fd1b2d5350e974ac83fed0d4,e9000000000000e10000080000de0000,4,"0,7,10,13",0,16,0_7_10_13,True
3,202,00112233445566778899aabbccddf389,a1541954a84df45b410544ee9c877684,a1541987a84d515b41ac44eeef877684,000000d30000a50000a9000073000000,4,"3,6,9,12",3,18,3_6_9_12,True
3,203,00112233445566778899aabbccddf38a,e26414eebb6980934a416efd14c1b9b7,da6414eebb6980294a4199fd14ceb9b7,38000000000000ba0000f700000f0000,4,"0,7,10,13",0,19,0_7_10_13,True
3,204,00112233445566778899aabbccddf38b,224f0b91fd2d019484e9af06d72178a4,224f8591fdea0194e9e9af06d72178f6,00008e0000c700006d00000000000052,4,"2,5,8,15",2,17,2_5_8_15,True
3,205,00112233445566778899aabbccddf38c,381ab93a934053d137a2d6d8945368ed,38d2b93a784053d137a2d682945369ed,00c80000eb0000000000005a00000100,4,"1,4,11,14",1,14,1_4_11_14,True
3,206,00112233445566778899aabbccddf38d,f5de660f2d0054b1c2a79bfc96310b84,f524660fed0054b1c2a79b7f96313884,00fa0000c00000000000008300003300,4,"1,4,11,14",1,15,1_4_11_14,True
3,207,00112233445566778899aabbccddf38e,14ecd04e9ea0f1b76fe7a4821a28d66f,14ecd0319ea058b76fcea4822728d66f,0000007f0000a900002900003d000000,4,"3,6,9,12",3,19,3_6_9_12,True
3,208,00112233445566778899aabbccddf38f,e181559523781319bc95f748c1bb0739,e16c559512781319bc95f7bac1bbfa39,00ed000031000000000000f20000fd00,4,"1,4,11,14",1,21,1_4_11_14,True
3,209,00112233445566778899aabbccddf390,737ed4bcd4b7565c160064cb12da8f4f,177ed4bcd4b7566f1600f9cb12cc8f4f,640000000000003300009d0000160000,4,"0,7,10,13",0,15,0_7_10_13,True
3,210,00112233445566778899aabbccddf391,30cc11222a2268e86d45e3b2392f7070,302b1122852268e86d45e3ce392f0d70,00e70000af0000000000007c00007d00,4,"1,4,11,14",1,23,1_4_11_14,True
3,212,00112233445566778899aabbccddf393,e5e1233976dd3f76f557cc11b830d877,e5e1bc3976c23f767457cc11b830d8bc,00009f00001f000081000000000000cb,4,"2,5,8,15",2,18,2_5_8_15,True
3,213,00112233445566778899aabbccddf394,bd2d35cfe16667bbd0086fc77f3663f1,bd3f35cf676667bbd0086ff17f364ef1,00120000860000000000003600002d00,4,"1,4,11,14",1,13,1_4_11_14,True
3,214,00112233445566778899aabbccddf395,563c50b848ecb496bcd888bf02e39e22,993c50b848ecb498bcd889bf02619e22,cf0000000000000e0000010000820000,4,"0,7,10,13",0,12,0_7_10_13,True
3,215,00112233445566778899aabbccddf396,45b00dc630896291a29ccbef71ff2f95,09b00dc6308962e3a29c55ef71642f95,4c0000000000007200009e00009b0000,4,"0,7,10,13",0,17,0_7_10_13,True
3,218,00112233445566778899aabbccddf399,13d47e9f936304d87b27c5b3077a239c,20d47e9f936304a97b27b2b307fb239c,33000000000000710000770000810000,4,"0,7,10,13",0,16,0_7_10_13,True
3,219,00112233445566778899aabbccddf39a,64c8a849ac2ec1ea2de297162257d00f,64fea849042ec1ea2de2970c22571b0f,00360000a80000000000001a0000cb00,4,"1,4,11,14",1,15,1_4_11_14,True
3,220,00112233445566778899aabbccddf39b,65519809ef30ee15427fffd05bd4a3a3,655198f6ef30da15428effd019d4a3a3,000000ff0000340000f1000042000000,4,"3,6,9,12",3,18,3_6_9_12,True
3,221,00112233445566778899aabbccddf39c,5914d69b61ac65bad5092865c413f735,5943d69b8aac65bad50928dcc413e535,00570000eb000000000000b900001200,4,"1,4,11,14",1,18,1_4_11_14,True
3,223,00112233445566778899aabbccddf39e,b49e78f3400f6cbdbe1fd99d2ca7297d,b41e78f33f0f6cbdbe1fd9152ca7727d,008000007f0000000000008800005b00,4,"1,4,11,14",1,15,1_4_11_14,True
3,224,00112233445566778899aabbccddf39f,b923cf7a3f9cbf0916e6914aef5adb89,b923687a3fb7bf09e7e6914aef5adb12,0000a700002b0000f10000000000009b,4,"2,5,8,15",2,19,2_5_8_15,True
3,225,00112233445566778899aabbccddf3a0,e2d836f34674a20e2559b6b5c80c0a5d,e2d8a1f346eba20e9f59b6b5c80c0a76,00009700009f0000ba0000000000002b,4,"2,5,8,15",2,20,2_5_8_15,True
3,226,00112233445566778899aabbccddf3a1,e11edbc5a39de626c448afdc0f6dbf2a,e11edb6ba39d1126c4d1afdc8f6dbf2a,000000ae0000f7000099000080000000,4,"3,6,9,12",3,17,3_6_9_12,True
3,228,00112233445566778899aabbccddf3a3,682d33974470c8c39c2095fa6c420ac7,682d33ae447043c39c4f95fa4e420ac7,0000003900008b00006f000022000000,4,"3,6,9,12",3,16,3_6_9_12,True
3,229,00112233445566778899aabbccddf3a4,9caf331a06f643e29a70ca45ca5adac2,11af331a06f643fb9a704645cadadac2,8d0000000000001900008c0000800000,4,"0,7,10,13",0,11,0_7_10_13,True
3,230,00112233445566778899aabbccddf3a5,2b368c3050f68794b8bffdfe1fe1c8e1,2b368c1c50f62594b88efdfe6ae1c8e1,0000002c0000a2000031000075000000,4,"3,6,9,12",3,14,3_6_9_12,True
3,233,00112233445566778899aabbccddf3a8,3969dd2bc8ed2b73a22c855f277805c0,3969482bc8792b73f92c855f27780529,00009500009400005b000000000000e9,4,"2,5,8,15",2,17,2_5_8_15,True
3,234,00112233445566778899aabbccddf3a9,28afb1dbed2b407e0d40d078028f5f08,28afb1deed2b797e0db3d078ec8f5f08,000000050000390000f30000ee000000,4,"3,6,9,12",3,18,3_6_9_12,True
3,235,00112233445566778899aabbccddf3aa,04033ac99f26a94c613c42cc5f640e99,0403f4c99f6ca94c5f3c42cc5f640ec8,0000ce00004a00003e00000000000051,4,"2,5,8,15",2,16,2_5_8_15,True
3,236,00112233445566778899aabbccddf3ab,e183d9243e574c03665fecee89af225a,e183d9c93e5744036660ecee71af225a,000000ed00000800003f0000f8000000,4,"3,6,9,12",3,18,3_6_9_12,True
3,240,00112233445566778899aabbccddf3af,410b53fbee9c921c32fdacecf824fc48,410b7efbee7e921cdbfdacecf824fc04,00002d0000e20000e90000000000004c,4,"2,5,8,15",2,16,2_5_8_15,True
3,241,00112233445566778899aabbccddf3b0,3e2ab9a4f0681526b150945a16d73430,c32ab9a4f0681544b150a65a16393430,fd000000000000620000320000ee0000,4,"0,7,10,13",0,19,0_7_10_13,True
3,242,00112233445566778899aabbccddf3b1,7fd8001a0564265fa6bcec3be5ccc890,7f2b001aff64265fa6bcec1ae5ccab90,00f30000fa0000000000002100006300,4,"1,4,11,14",1,18,1_4_11_14,True
3,244,00112233445566778899aabbccddf3b3,eba8f21632fa839e1163fbabc5719d59,eba8f21b32fa6d9e11a8fbabd3719d59,0000000d0000ee0000cb000016000000,4,"3,6,9,12",3,17,3_6_9_12,True
3,245,00112233445566778899aabbccddf3b4,553ed130621ab024e4b0f2e440d70243,553e6230628bb02461b0f2e440d70211,0000b300009100008500000000000052,4,"2,5,8,15",2,14,2_5_8_15,True
3,246,00112233445566778899aabbccddf3b5,fa3645c3f2d5cbac98fa51993eeb9a05,fa1f45c385d5cbac98fa51573eeb7905,0029000077000000000000ce0000e300,4,"1,4,11,14",1,19,1_4_11_14,True
3,250,00112233445566778899aabbccddf3b9,451ccf6407b53b8432013dc0907c68e3,451ccf0007b59384323e3dc0c97c68e3,000000640000a800003f000059000000,4,"3,6,9,12",3,16,3_6_9_12,True
3,251,00112233445566778899aabbccddf3ba,cd44b08777796491b399b5929181d2dc,cdbcb08702796491b399b5c19181e2dc,00f80000750000000000005300003000,4,"1,4,11,14",1,16,1_4_11_14,True
3,252,00112233445566778899aabbccddf3bb,d417d2311edc1fe74b1957918b4bab12,7d17d2311edc1fd04b1919918bd7ab12,a90000000000003700004e00009c0000,4,"0,7,10,13",0,17,0_7_10_13,True
3,255,00112233445566778899aabbccddf3be,618cffe6980102fa37512d695d6e6621,618cff38980181fa37542d69fc6e6621,000000de0000830000050000a1000000,4,"3,6,9,12",3,14,3_6_9_12,True
3,256,00112233445566778899aabbccddf3bf,4a9f906e8304b984721634ac1e2cac2f,4a9f90b983040584728834ac052cac2f,000000d70000bc00009e00001b000000,4,"3,6,9,12",3,20,3_6_9_12,True
3,258,00112233445566778899aabbccddf3c1,7431d61c5e207fdbf338b53d9dfe7df3,745bd61c9d207fdbf338b5079dfefef3,006a0000c30000000000003a00008300,4,"1,4,11,14",1,15,1_4_11_14,True
3,259,00112233445566778899aabbccddf3c2,30dc8c915617358e9dd593d8de112741,00dc8c91561735c89dd5ead8de0d2741,300000000000004600007900001c0000,4,"0,7,10,13",0,13,0_7_10_13,True
3,261,00112233445566778899aabbccddf3c4,503a0762ee7dfa0fe2f7cd88ea289aef,50050762367dfa0fe2f7cd01ea2855ef,003f0000d8000000000000890000cf00,4,"1,4,11,14",1,19,1_4_11_14,True
3,263,00112233445566778899aabbccddf3c6,86c903462a4cfee63ae5a985c9e57396,bdc903462a4cfeea3ae51985c9137396,3b0000000000000c0000b00000f60000,4,"0,7,10,13",0,16,0_7_10_13,True
3,264,00112233445566778899aabbccddf3c7,772702de7cab63ffd16cba0dd30cc182,ae2702de7cab6388d16c1c0dd308c182,d9000000000000770000a60000040000,4,"0,7,10,13",0,16,0_7_10_13,True
3,265,00112233445566778899aabbccddf3c8,6ee7768106ffdf6ad8809a821bcd0310,6ef77681e6ffdf6ad8809a2b1bcd3910,00100000e0000000000000a900003a00,4,"1,4,11,14",1,12,1_4_11_14,True
3,267,00112233445566778899aabbccddf3ca,a2515704b87f81be2cb67fb30b2cf5af,a2ef5704b07f81be2cb67ff50b2cf4af,00be0000080000000000004600000100,4,"1,4,11,14",1,11,1_4_11_14,True
3,270,00112233445566778899aabbccddf3cd,be0e0d106461a0392257af779ed4b6ed,be2f0d100061a0392257af299ed411ed,00210000640000000000005e0000a700,4,"1,4,11,14",1,15,1_4_11_14,True
3,271,00112233445566778899aabbccddf3ce,c0875c58cdefc3f168e10ee71a726dd8,c0875cd3cdefccf168af0ee756726dd8,0000008b00000f00004e00004c000000,4,"3,6,9,12",3,15,3_6_9_12,True
3,272,00112233445566778899aabbccddf3cf,b176ee84a14f7915779fd9eec191f770,b176ee9da14fe91577f9d9ee6291f770,000000190000900000660000a3000000,4,"3,6,9,12",3,13,3_6_9_12,True
3,274,00112233445566778899aabbccddf3d1,dca01e939abb7bacf29286cc4c9b1753,dcae1e93c9bb7bacf29286eb4c9b0553,000e0000530000000000002700001200,4,"1,4,11,14",1,13,1_4_11_14,True
3,276,00112233445566778899aabbccddf3d3,5a7ad147670517301d0b5e943cb20c55,767ad147670517481d0b23943c2f0c55,2c0000000000007800007d00009d0000,4,"0,7,10,13",0,18,0_7_10_13,True
3,277,00112233445566778899aabbccddf3d4,6768afe7fb9644e44f07a8032446a9ed,6768af75fb9688e44f71a8036946a9ed,000000920000cc00007600004d000000,4,"3,6,9,12",3,16,3_6_9_12,True
3,278,00112233445566778899aabbccddf3d5,62179fbadd7189d20f5d2db30a454f5b,622a9fba127189d20f5d2de30a45495b,003d0000cf0000000000005000000600,4,"1,4,11,14",1,15,1_4_11_14,True
3,279,00112233445566778899aabbccddf3d6,2281627b4c45f705871ebe24caa056d7,228162f54c451c0587fcbe248aa056d7,0000008e0000eb0000e2000040000000,4,"3,6,9,12",3,15,3_6_9_12,True
3,280,00112233445566778899aabbccddf3d7,d4f8aba169511b2d96a885495b18c86b,d4f814a169461b2df2a885495b18c8c5,0000bf000017000064000000000000ae,4,"2,5,8,15",2,19,2_5_8_15,True
3,281,00112233445566778899aabbccddf3d8,13e41cbe200c2f78a2026f369cacfcb5,13e41c13200c1f78a2986f3626acfcb5,000000ad00003000009a0000ba000000,4,"3,6,9,12",3,16,3_6_9_12,True
3,283,00112233445566778899aabbccddf3da,d4bce04c3debd3d19edbcbf66047e2b0,d4bc8a4c3df6d3d1a4dbcbf66047e21d,00006a00001d00003a000000000000ad,4,"2,5,8,15",2,17,2_5_8_15,True
3,284,00112233445566778899aabbccddf3db,65cef37aa24f35473d5023b9ce8315ad,65cec47aa2533547f65023b9ce8315d8,00003700001c0000cb00000000000075,4,"2,5,8,15",2,18,2_5_8_15,True
3,285,00112233445566778899aabbccddf3dc,69d3f6698a9c26852e3277c7793a3bfb,69d3f6f68a9cd9852efc77c7763a3bfb,0000009f0000ff0000ce00000f000000,4,"3,6,9,12",3,23,3_6_9_12,True
3,287,00112233445566778899aabbccddf3de,18c106fe80eca6fcf138377f974a6e99,30c106fe80eca62df138d67f972f6e99,28000000000000d10000e10000650000,4,"0,7,10,13",0,14,0_7_10_13,True
3,288,00112233445566778899aabbccddf3df,2c5ee13fa917232c731a454b172e5340,2c5e3e3fa9ec232c141a454b172e53ab,0000df0000fb000067000000000000eb,4,"2,5,8,15",2,25,2_5_8_15,True
3,289,00112233445566778899aabbccddf3e0,ba58e64a73255386c39e0af1b5952ab4,ba58e6077325a186c3be0af150952ab4,0000004d0000f20000200000e5000000,4,"3,6,9,12",3,15,3_6_9_12,True
3,290,00112233445566778899aabbccddf3e1,d7d086b0c4b8c71b7b6a04e5d070cd45,d7d0869ec4b8d41b7b8204e5a770cd45,0000002e0000130000e8000077000000,4,"3,6,9,12",3,17,3_6_9_12,True
3,291,00112233445566778899aabbccddf3e2,974faf4cd580d5a0aba99e15d85b496d,97eaaf4c3b80d5a0aba99ec9d85b016d,00a50000ee000000000000dc00004800,4,"1,4,11,14",1,17,1_4_11_14,True
3,292,00112233445566778899aabbccddf3e3,8f6de2a7143c986f108814b47af5449a,8f6de2b6143cbb6f10cd14b434f5449a,0000001100002300004500004e000000,4,"3,6,9,12",3,12,3_6_9_12,True
3,293,00112233445566778899aabbccddf3e4,16cdebc5a1f1266108072aa882ad101e,164debc595f1266108072a7282ad4f1e,0080000034000000000000da00005f00,4,"1,4,11,14",1,15,1_4_11_14,True
3,294,00112233445566778899aabbccddf3e5,7a1703c8fcdcca2f0ae097ab6458fe51,7a17fdc8fcf0ca2fb2e097ab6458fed1,0000fe00002c0000b800000000000080,4,"2,5,8,15",2,15,2_5_8_15,True
3,296,00112233445566778899aabbccddf3e7,e1c6f7bc95d7d9f4bc9eea22f26d34e1,e158f7bcebd7d9f4bc9eea64f26d89e1,009e00007e000000000000460000bd00,4,"1,4,11,14",1,20,1_4_11_14,True
3,297,00112233445566778899aabbccddf3e8,574ec67a26301c0defa540718599eed1,574e357a26e51c0d87a540718599ee54,0000f30000d500006800000000000085,4,"2,5,8,15",2,17,2_5_8_15,True
3,298,00112233445566778899aabbccddf3e9,0cca9a603013c218eb7d34c88e081926,0cca9afe30134018ebb634c8f6081926,0000009e0000820000cb000078000000,4,"3,6,9,12",3,16,3_6_9_12,True
3,299,00112233445566778899aabbccddf3ea,442c90a3fd72a18de0433768606d07df,922c90a3fd72a174e0437368600a07df,d6000000000000f90000440000670000,4,"0,7,10,13",0,18,0_7_10_13,True
3,301,00112233445566778899aabbccddf3ec,86d85882a75381b378e955b7cdc6b6bb,86d8f682a7db81b375e955b7cdc6b6ee,0000ae00008800000d00000000000055,4,"2,5,8,15",2,14,2_5_8_15,True
3,302,00112233445566778899aabbccddf3ed,7d519b802c1bcb9b42e6f943b5dd551d,7d519bfd2c1b639b4256f943b8dd551d,0000007d0000a80000b000000d000000,4,"3,6,9,12",3,15,3_6_9_12,True
3,303,00112233445566778899aabbccddf3ee,4e335d68e80d88f134deccf5f88ac6e3,c6335d68e80d888534dedef5f87cc6e3,88000000000000740000120000f60000,4,"0,7,10,13",0,14,0_7_10_13,True
3,305,00112233445566778899aabbccddf3f0,af3de50e4ab2e599cc4fb0fb53a165dc,af3de5a34ab2bb99ccf5b0fb7ea165dc,000000ad00005e0000ba00002d000000,4,"3,6,9,12",3,19,3_6_9_12,True
3,306,00112233445566778899aabbccddf3f1,49b87ea9fe977da8aee0d85d833948f5,49607ea986977da8aee0d8958339b8f5,00d8000078000000000000c80000f000,4,"1,4,11,14",1,15,1_4_11_14,True
3,307,00112233445566778899aabbccddf3f2,e022ca81dc2818af00aa0aab61ffba55,3822ca81dc28186500aaaaab6173ba55,d8000000000000ca0000a000008c0000,4,"0,7,10,13",0,13,0_7_10_13,True
3,308,00112233445566778899aabbccddf3f3,173b8e5b544a334cc3484b2e6a52e0e0,17a58e5b364a334cc3484b9c6a52d0e0,009e000062000000000000b200003000,4,"1,4,11,14",1,14,1_4_11_14,True
3,309,00112233445566778899aabbccddf3f4,cf55474cb494a258c2817ed85e3389e5,6355474cb494a25fc2819bd85ead89e5,ac000000000000070000e500009e0000,4,"0,7,10,13",0,17,0_7_10_13,True
3,310,00112233445566778899aabbccddf3f5,ef20cfe633c6e08397adca5ed3d4884f,efa8cfe644c6e08397adca6ed3d4cc4f,00880000770000000000003000004400,4,"1,4,11,14",1,12,1_4_11_14,True
3,311,00112233445566778899aabbccddf3f6,d086a6663e62b78ba8b0dcad87158305,d086ee663ee3b78bdbb0dcad87158334,00004800008100007300000000000031,4,"2,5,8,15",2,12,2_5_8_15,True
3,312,00112233445566778899aabbccddf3f7,b6d55814848a729e94d20baaa49fbb04,b6d55853848aa69e94590baae09fbb04,000000470000d400008b000044000000,4,"3,6,9,12",3,14,3_6_9_12,True
3,313,00112233445566778899aabbccddf3f8,e1ef682a8c89cdd50a9fd14fbe34100b,e1efb32a8c50cdd5b19fd14fbe3410ca,0000db0000d90000bb000000000000c1,4,"2,5,8,15",2,20,2_5_8_15,True
3,314,00112233445566778899aabbccddf3f9,e139de04a76d1dc07b724064dfda26fe,e1392d04a7a31dc033724064dfda2685,0000f30000ce0000480000000000007b,4,"2,5,8,15",2,19,2_5_8_15,True
3,318,00112233445566778899aabbccddf3fd,ab77bd89ec971f4c3049f8554ec0411c,ab77bd0bec976b4c30bdf8555fc0411c,000000820000740000f4000011000000,4,"3,6,9,12",3,13,3_6_9_12,True
3,319,00112233445566778899aabbccddf3fe,b3c7996131c8a45d1fc8bfb7f22a6589,b3c799e831c8f45d1f7bbfb7382a6589,000000890000500000b30000ca000000,4,"3,6,9,12",3,14,3_6_9_12,True
