model,display_name,sample_size,repeat_id,correct_bytes,recovery_rate,round10_key,recovered_master,master_ok
A_wide,模型A-宽随机,20,0,0,0.0,190108240b0d127d200e0d3446132113,59446664f4633d46b0f2f5df5c17c5f7,False
A_wide,模型A-宽随机,20,1,0,0.0,36312f896d311b0460051902511ed2c0,bb998fb9f54d6322b0ca6b9a94b91177,False
A_wide,模型A-宽随机,20,2,0,0.0,3c00184e095400259e1efed495060885,38b82e7b5d80776c91c8406c8b1d095f,False
A_wide,模型A-宽随机,20,3,0,0.0,01247b02011bca9e72001204d90b1988,ae05f3a7dbd7a6750e3cde5357c3e73e,False
A_wide,模型A-宽随机,20,4,0,0.0,5e434a0d9134067035fc0f016e2c003a,9c621a00bab40d4298ba957b5e051c6a,False
A_wide,模型A-宽随机,20,5,0,0.0,091202de3f0c11191f83e92305071c3f,5dc2fe1befb43e9851e68dcc51e98975,False
A_wide,模型A-宽随机,20,6,0,0.0,0a765408261141063e27138704079d44,18f0161657ecf3b8f9de3065ef15df33,False
A_wide,模型A-宽随机,20,7,0,0.0,0e04bd0f242f690591450d06158c0e50,c17ed08571e49f1adcc7277aa69fb9f5,False
A_wide,模型A-宽随机,20,8,0,0.0,1350585833a43e794c14123365021049,b55626be222b994ca4dced99d6492579,False
A_wide,模型A-宽随机,20,9,0,0.0,000412ec361e0300247100f20200d55e,33fbb1b0e4d59c7ce55ff84d92f23765,False
A_wide,模型A-宽随机,40,0,0,0.0,65e2061f831a511a0e3b1a4c276e1c32,45c76332f6823e969d7f716df9905daf,False
A_wide,模型A-宽随机,40,1,0,0.0,5d2eadca0765062503e1a69758050273,12982c8fc7ba4883eb4b9871de23a46f,False
A_wide,模型A-宽随机,40,2,0,0.0,662c18ef023265b3070b686482a7e027,f70a91d7fd58eb1e3034c766e4baf2d2,False
A_wide,模型A-宽随机,40,3,0,0.0,1a0218e9b362ce1b0134fcd510181419,837d1d160816fc4b9447e640ee2d2594,False
A_wide,模型A-宽随机,40,4,0,0.0,51031530979d3c06b71a05480ec8244e,e21d621042c63e7277ec8cf62e632049,False
A_wide,模型A-宽随机,40,5,0,0.0,130032f1be07cb0c41054d1b0da3061e,8c24307217cf5965430ecdcd57a78b95,False
A_wide,模型A-宽随机,40,6,0,0.0,0f539b6a584d1ebc07b2c4a3c14e1705,f2789cbdcd1552789d779cf274b928e1,False
A_wide,模型A-宽随机,40,7,0,0.0,375a02031ba2021a862a1b744de7f70f,2e1856421ad62594d08521d0667ca9f6,False
A_wide,模型A-宽随机,40,8,0,0.0,3e067d39583508b0380159410701dd24,68b6d74b63a1ec09669a0131f922d5dc,False
A_wide,模型A-宽随机,40,9,0,0.0,1ef6a430124f03061f1af02d0d148e00,57d3c2cbb4159bc5d2e1ba37519c0300,False
A_wide,模型A-宽随机,80,0,0,0.0,10493613f054b5d004ce522d640b45c5,c37b7656a001d2f358a9a819dbc02352,False
A_wide,模型A-宽随机,80,1,0,0.0,368a3d50a6686125afd352451efb4fdd,92eea053b632af5da838180b5bbdd8e1,False
A_wide,模型A-宽随机,80,2,0,0.0,51491cd8ed5cf0d0950659f4311e855d,05400e9ac6a31aafde94b2fbe6329052,False
A_wide,模型A-宽随机,80,3,0,0.0,dd8a971f6b8d5727759f5b9ee3173114,5b19c7bf83549d33d10b691f58d05596,False
A_wide,模型A-宽随机,80,4,0,0.0,6a3b0e1f422c8731c29c78195a0b3009,e8bff15040d25d9636510452c8315e3d,False
A_wide,模型A-宽随机,80,5,0,0.0,214d8efda3686eedd19b996310667eb3,e42a10770bd569a176873a52d566673a,False
A_wide,模型A-宽随机,80,6,0,0.0,348a044b08591b05f36627b0a74b4d2d,27ad5456830e6580e5ec325170b5ab10,False
A_wide,模型A-宽随机,80,7,1,6.25,c2790ed812eecf9a1e1adaced0693156,aeeea549ad40ab26e64d2573a18b8f62,False
A_wide,模型A-宽随机,80,8,0,0.0,6a701331be36085266072525390d1386,bba7f128a48f35d7901e1c4c60a436e6,False
A_wide,模型A-宽随机,80,9,0,0.0,c3486d146701179907d4c3ac74d3892d,78a8b1ce5cb1148b57fe3eda81b1cf0a,False
A_wide,模型A-宽随机,120,0,0,0.0,19a1052616e10635113b998710828392,6ccaa1e6436645e9d4bdc72df370b195,False
A_wide,模型A-宽随机,120,1,0,0.0,5ab37d7ca47a067c3c1a7ce6939413dd,bbd87ade09d6bd1f3e90284c9158af5d,False
A_wide,模型A-宽随机,120,2,0,0.0,5a447bd3d69ee20425c026f4f13e54f2,9161199006db0c2818cb965e2d89f075,False
A_wide,模型A-宽随机,120,3,0,0.0,e2498030e9b040ea3405c49eff66d8a4,7a6ca59b5908d96011f9487aaa555761,False
A_wide,模型A-宽随机,120,4,0,0.0,19f7b764bef93a0f977c7b20d0f93172,dd6331979f034ffa6eae8f06f286a149,False
A_wide,模型A-宽随机,120,5,0,0.0,7e25cad2347d7d3c350055351fd8ca64,795bbfce0485cd8efd8761437ba7eab1,False
A_wide,模型A-宽随机,120,6,0,0.0,46a70f66bef4e97525590e454fca0454,826c72cb5c3c707979d7890d9cbc68ce,False
A_wide,模型A-宽随机,120,7,0,0.0,4596052e53d83a194b2abc20db682ead,51faf34d56d4a610883e8b0812efc597,False
A_wide,模型A-宽随机,120,8,0,0.0,e3498bd232680420737f99f2e369d44b,c48f4231289d42475de9b832f5e7913a,False
A_wide,模型A-宽随机,120,9,0,0.0,25273550f672a338bb5027579e5604b0,002f9d775c7d98b744da21dcce45ef5e,False
A_wide,模型A-宽随机,160,0,1,6.25,dd980e30320140dc631e3fc80abafe7b,93f467c08ceee2e65685d4136f1654f2,False
A_wide,模型A-宽随机,160,1,0,0.0,72492130b02484dc959c73acb1524d5e,6b18e3c44121ea7bcf01119d8b7f5aac,False
A_wide,模型A-宽随机,160,2,0,0.0,a8277dfbe0e7fe27401a27230a692a96,3265643b6b3b6b6a4ca391af0980df08,False
A_wide,模型A-宽随机,160,3,0,0.0,19a10e16f69d93b963079df24f46540d,f9da62ebd6d05ef6413062d21fe06b12,False
A_wide,模型A-宽随机,160,4,0,0.0,d9a63db0edcf0619d1c8aa04361ac2b0,5ba45618a207b62c410cce3fcc758885,False
A_wide,模型A-宽随机,160,5,0,0.0,194413aa1210aca4409cfc7d93d86ac5,d25e9d661917cc9e6409fca5114b2574,False
A_wide,模型A-宽随机,160,6,0,0.0,724973abb2657d273d9c55e6dbb14d05,e564410f3487fb102d9272e62e6201f8,False
A_wide,模型A-宽随机,160,7,0,0.0,01763516be599305bb3b34e2d0a354dd,38689f38891e5f7bf0cc299299fefd3f,False
A_wide,模型A-宽随机,160,8,0,0.0,6ab37dd2e3188419e49cffcd309631b0,86989a012189ee5667e9ed748c2c30b3,False
A_wide,模型A-宽随机,160,9,0,0.0,e3c50e1e8918ea274f50995059a2b754,d7a3e2c5e77862a21828de74ce671782,False
A_wide,模型A-宽随机,240,0,0,0.0,5a440e30b2f70627c29c34f49e524db0,c429385825e49a8fe73ad181104c3b44,False
A_wide,模型A-宽随机,240,1,0,0.0,83793db0be2442dc401ac4f4f3691f2f,1c201d9343377e66def832e593c01b44,False
A_wide,模型A-宽随机,240,2,0,0.0,fcb31c30b22493e2cb9c997df3a2544b,3929f7ad2e63b8a368f29a85a6d52cd3,False
A_wide,模型A-宽随机,240,3,0,0.0,a8b33a30bebd4220959c7bf2e49854dd,a48ac466665d8e6efd0410881237a7a2,False
A_wide,模型A-宽随机,240,4,0,0.0,fc430e16bee18427d11a34451fba1fb0,5576a24526d654bfb29df67b4a735321,False
A_wide,模型A-宽随机,240,5,0,0.0,d9b31c693218a9e2cacf34f49ed84dad,aa936588f07c5e9de46dd312000a3d97,False
A_wide,模型A-宽随机,240,6,0,0.0,77440c96be2442193cc8c48fe4523105,bf66883d713ac0e537f85a620cdddd18,False
A_wide,模型A-宽随机,240,7,0,0.0,778a0eaaac308c7ed19cbc7ddb663154,8554f23f785ade8dd8c0e3045c6b499b,False
A_wide,模型A-宽随机,240,8,0,0.0,01490e30beb08419c250c4e6e4704d0f,c1ffb277acb8e2e66693b3f9ff972ef6,False
A_wide,模型A-宽随机,240,9,0,0.0,5a495466bee19324c29cfcf44f52aa54,d1d27693d394306066e721c5ad52de8e,False
A_wide,模型A-宽随机,320,0,0,0.0,5aa70e30e3184227959c3493f3a2d454,d81e09d0c0e57affae604a32c68ed97a,False
A_wide,模型A-宽随机,320,1,0,0.0,5aa70e30e3184227959c3493f3a2d454,d81e09d0c0e57affae604a32c68ed97a,False
A_wide,模型A-宽随机,320,2,0,0.0,5aa70e30e3184227959c3493f3a2d454,d81e09d0c0e57affae604a32c68ed97a,False
A_wide,模型A-宽随机,320,3,0,0.0,5aa70e30e3184227959c3493f3a2d454,d81e09d0c0e57affae604a32c68ed97a,False
A_wide,模型A-宽随机,320,4,0,0.0,5aa70e30e3184227959c3493f3a2d454,d81e09d0c0e57affae604a32c68ed97a,False
A_wide,模型A-宽随机,320,5,0,0.0,5aa70e30e3184227959c3493f3a2d454,d81e09d0c0e57affae604a32c68ed97a,False
A_wide,模型A-宽随机,320,6,0,0.0,5aa70e30e3184227959c3493f3a2d454,d81e09d0c0e57affae604a32c68ed97a,False
A_wide,模型A-宽随机,320,7,0,0.0,5aa70e30e3184227959c3493f3a2d454,d81e09d0c0e57affae604a32c68ed97a,False
A_wide,模型A-宽随机,320,8,0,0.0,5aa70e30e3184227959c3493f3a2d454,d81e09d0c0e57affae604a32c68ed97a,False
A_wide,模型A-宽随机,320,9,0,0.0,5aa70e30e3184227959c3493f3a2d454,d81e09d0c0e57affae604a32c68ed97a,False
A_ctrl,模型A-受控HW,20,0,6,37.5,3901d1a82866250c143f0c2db6632802,4d80a877cecf0f57944cace4687b2615,False
A_ctrl,模型A-受控HW,20,1,0,0.0,0d0331c600282be837040813520c020b,1e07eedd278935b80d15db1342386bfd,False
A_ctrl,模型A-受控HW,20,2,1,6.25,21266c0f0298093585130cf523140067,555e77da914288bf6453e1ead8faaae9,False
A_ctrl,模型A-受控HW,20,3,0,0.0,2a394410180a7907140417487102822c,fad223d68b97cffdccfcbc10946ad456,False
A_ctrl,模型A-受控HW,20,4,0,0.0,72381c1b8f370e10032b5630015b2f32,613c60ae149b09fb610556268d78a0b3,False
A_ctrl,模型A-受控HW,20,5,0,0.0,180208152b17a732210d46b80505c637,e930fbbc0a1ceb98ac8d8c87eaeac5fd,False
A_ctrl,模型A-受控HW,20,6,0,0.0,27f92e05280b051402040b1b0e025819,922f342b1eae466e96477ed2e97b72a8,False
A_ctrl,模型A-受控HW,20,7,2,12.5,24643e03030a6aa7800d010420630c02,7b906e6fd0ae5bef52697db8c7da3764,False
A_ctrl,模型A-受控HW,20,8,1,6.25,54d81f02be7980196d4817d343000c69,4f9c755cced50bcfe6d6e16da90e8238,False
A_ctrl,模型A-受控HW,20,9,4,25.0,00146e884d1c2500140300c83c000c20,33415aac3cc56f5c5e7356383ec6d766,False
A_ctrl,模型A-受控HW,40,0,4,25.0,65140a70c9f41405251601c8280a0c14,9fe526c546d921130a43b32ccaa43f94,False
A_ctrl,模型A-受控HW,40,1,4,25.0,75143204c9415e601b7a05c85f200c5c,8825b4cb3197f18dcd3240d6da8a6513,False
A_ctrl,模型A-受控HW,40,2,4,25.0,5dba061edb8f04ce171e0c3c49630ca6,af5944dffcb8f8b68ea15e9beecdc906,False
A_ctrl,模型A-受控HW,40,3,0,0.0,fe21c6aa3db256344c932d95050a44cf,32c50aeeb81afd63621279a21b7b6543,False
A_ctrl,模型A-受控HW,40,4,4,25.0,8877f903a5ee56c6e10c8c0f596f72a6,38608c753dcbc669f13a1308b16f5b14,False
A_ctrl,模型A-受控HW,40,5,1,6.25,593aee2e7a16dc401c3ffc358f1dda00,2eb52781f6ce304d7f7cf5f21abe9152,False
A_ctrl,模型A-受控HW,40,6,1,6.25,9a5b1505314f7927f6301d7858630118,d7de8bdc03fab5a8cfcb9107f7c7b0b9,False
A_ctrl,模型A-受控HW,40,7,5,31.25,0909f9891fee811ee12b77f06c6306a6,bae7793833e380afcbf63126ede35e43,False
A_ctrl,模型A-受控HW,40,8,0,0.0,10bad5ac091b077588023800094927fa,54deb62e908d08a91c7806c0529ca61b,False
A_ctrl,模型A-受控HW,40,9,8,50.0,a914d5a84dee2503f83f03c8b6af0c43,3af2349d0270abb6711cf102e42ee672,False
A_ctrl,模型A-受控HW,80,0,14,87.5,d014f9a8c9ee2589e13f0cc8b663b121,6680a543c906474a8cb4e3b84d8819d0,False
A_ctrl,模型A-受控HW,80,1,14,87.5,d014f9a8c9ee2589e13f82c8b6f10ca6,b4b1d90799cd2cf955da066e7470ee2a,False
A_ctrl,模型A-受控HW,80,2,12,75.0,d01431a8c9502589153f0cc8b6630cd4,f0298570973aa5f6de1f2a81e6c83547,False
A_ctrl,模型A-受控HW,80,3,11,68.75,d01448e4c9ee7789bc3f0cc8b6630c0a,97e4e9f3d8168b1a1791a378a883bbfa,False
A_ctrl,模型A-受控HW,80,4,8,50.0,ccd746a8c93825ba773f3ac8b6630c60,df275035eb6cd41f8924af2e9de6566f,False
A_ctrl,模型A-受控HW,80,5,13,81.25,d01bf9a8a1ee2589e13f0c59b6630ca6,85f84d9dee040e29ad94c29667cf98b3,False
A_ctrl,模型A-受控HW,80,6,6,37.5,aa14cda8db5625b812ffa1c8b66e0c0e,6ed0d5b01c6020f2921a67b58b8f730d,False
A_ctrl,模型A-受控HW,80,7,13,81.25,d014f92fc9eeee89e13f0cc823630ca6,eab20090f7bcf674ab55b22b9c72cfd7,False
A_ctrl,模型A-受控HW,80,8,10,62.5,4578f9a87aee257ee13fe1c8b6aa0ca6,7af89d6b75e01beb8f80fe22a1cebf2f,False
A_ctrl,模型A-受控HW,80,9,14,87.5,d014f9a8c9ee2589e13f42c83b630ca6,cf2b500c28b8c451b7be54f9840172ad,False
A_ctrl,模型A-受控HW,120,0,13,81.25,d0140ea8c9ee2589313f0cc8b6630cc6,cfdf82e546a169ef8822c3eafe25053e,False
A_ctrl,模型A-受控HW,120,1,11,68.75,d0c3f9a89eee252ae13f0ca5b66313a6,b2c9335a0d2bb2e15f9699bd1b2bdcb5,False
A_ctrl,模型A-受控HW,120,2,13,81.25,d01431a8c9ee2519e13f32c8b6630ca6,069590d02bfe48f075a379b0099bd594,False
A_ctrl,模型A-受控HW,120,3,16,100.0,d014f9a8c9ee2589e13f0cc8b6630ca6,2b7e151628aed2a6abf7158809cf4f3c,True
A_ctrl,模型A-受控HW,120,4,10,62.5,d014f90497ee79891b3f0cc839630c40,9248cbad5f1cd2b117c6e7112dce61de,False
A_ctrl,模型A-受控HW,120,5,16,100.0,d014f9a8c9ee2589e13f0cc8b6630ca6,2b7e151628aed2a6abf7158809cf4f3c,True
A_ctrl,模型A-受控HW,120,6,16,100.0,d014f9a8c9ee2589e13f0cc8b6630ca6,2b7e151628aed2a6abf7158809cf4f3c,True
A_ctrl,模型A-受控HW,120,7,13,81.25,d01431a8c9ee2589e13f0cc86c630c0a,781537736220c4714a6680f272f39d08,False
A_ctrl,模型A-受控HW,120,8,14,87.5,d0144ca8c9ee2589df3f0cc8b6630ca6,4b5798fc2887d24c95683f2709504f93,False
A_ctrl,模型A-受控HW,120,9,12,75.0,d0f6f9a8cfee2589e13f0cb8b66300a6,08a7ac1b0f65574f7141b50518a2e3cc,False
A_ctrl,模型A-受控HW,160,0,13,81.25,d0144da8c9ee2589073f0cc8b6630cc6,86f2a7aa468c69a0bee1f564fee605b0,False
A_ctrl,模型A-受控HW,160,1,16,100.0,d014f9a8c9ee2589e13f0cc8b6630ca6,2b7e151628aed2a6abf7158809cf4f3c,True
A_ctrl,模型A-受控HW,160,2,16,100.0,d014f9a8c9ee2589e13f0cc8b6630ca6,2b7e151628aed2a6abf7158809cf4f3c,True
A_ctrl,模型A-受控HW,160,3,16,100.0,d014f9a8c9ee2589e13f0cc8b6630ca6,2b7e151628aed2a6abf7158809cf4f3c,True
A_ctrl,模型A-受控HW,160,4,16,100.0,d014f9a8c9ee2589e13f0cc8b6630ca6,2b7e151628aed2a6abf7158809cf4f3c,True
A_ctrl,模型A-受控HW,160,5,15,93.75,b414f9a8c9ee2589e13f0cc8b6630ca6,4fa9f6e12879d251cff7157f09cf4fcb,False
A_ctrl,模型A-受控HW,160,6,16,100.0,d014f9a8c9ee2589e13f0cc8b6630ca6,2b7e151628aed2a6abf7158809cf4f3c,True
A_ctrl,模型A-受控HW,160,7,16,100.0,d014f9a8c9ee2589e13f0cc8b6630ca6,2b7e151628aed2a6abf7158809cf4f3c,True
A_ctrl,模型A-受控HW,160,8,16,100.0,d014f9a8c9ee2589e13f0cc8b6630ca6,2b7e151628aed2a6abf7158809cf4f3c,True
A_ctrl,模型A-受控HW,160,9,16,100.0,d014f9a8c9ee2589e13f0cc8b6630ca6,2b7e151628aed2a6abf7158809cf4f3c,True
A_ctrl,模型A-受控HW,240,0,16,100.0,d014f9a8c9ee2589e13f0cc8b6630ca6,2b7e151628aed2a6abf7158809cf4f3c,True
A_ctrl,模型A-受控HW,240,1,16,100.0,d014f9a8c9ee2589e13f0cc8b6630ca6,2b7e151628aed2a6abf7158809cf4f3c,True
A_ctrl,模型A-受控HW,240,2,16,100.0,d014f9a8c9ee2589e13f0cc8b6630ca6,2b7e151628aed2a6abf7158809cf4f3c,True
A_ctrl,模型A-受控HW,240,3,16,100.0,d014f9a8c9ee2589e13f0cc8b6630ca6,2b7e151628aed2a6abf7158809cf4f3c,True
A_ctrl,模型A-受控HW,240,4,16,100.0,d014f9a8c9ee2589e13f0cc8b6630ca6,2b7e151628aed2a6abf7158809cf4f3c,True
A_ctrl,模型A-受控HW,240,5,15,93.75,d014f9a8c9ee2589e13f0cc8d5630ca6,12d69c5328ed6299ab93ba0a6a4b735c,False
A_ctrl,模型A-受控HW,240,6,16,100.0,d014f9a8c9ee2589e13f0cc8b6630ca6,2b7e151628aed2a6abf7158809cf4f3c,True
A_ctrl,模型A-受控HW,240,7,16,100.0,d014f9a8c9ee2589e13f0cc8b6630ca6,2b7e151628aed2a6abf7158809cf4f3c,True
A_ctrl,模型A-受控HW,240,8,16,100.0,d014f9a8c9ee2589e13f0cc8b6630ca6,2b7e151628aed2a6abf7158809cf4f3c,True
A_ctrl,模型A-受控HW,240,9,16,100.0,d014f9a8c9ee2589e13f0cc8b6630ca6,2b7e151628aed2a6abf7158809cf4f3c,True
A_ctrl,模型A-受控HW,320,0,16,100.0,d014f9a8c9ee2589e13f0cc8b6630ca6,2b7e151628aed2a6abf7158809cf4f3c,True
A_ctrl,模型A-受控HW,320,1,16,100.0,d014f9a8c9ee2589e13f0cc8b6630ca6,2b7e151628aed2a6abf7158809cf4f3c,True
A_ctrl,模型A-受控HW,320,2,16,100.0,d014f9a8c9ee2589e13f0cc8b6630ca6,2b7e151628aed2a6abf7158809cf4f3c,True
A_ctrl,模型A-受控HW,320,3,16,100.0,d014f9a8c9ee2589e13f0cc8b6630ca6,2b7e151628aed2a6abf7158809cf4f3c,True
A_ctrl,模型A-受控HW,320,4,16,100.0,d014f9a8c9ee2589e13f0cc8b6630ca6,2b7e151628aed2a6abf7158809cf4f3c,True
A_ctrl,模型A-受控HW,320,5,16,100.0,d014f9a8c9ee2589e13f0cc8b6630ca6,2b7e151628aed2a6abf7158809cf4f3c,True
A_ctrl,模型A-受控HW,320,6,16,100.0,d014f9a8c9ee2589e13f0cc8b6630ca6,2b7e151628aed2a6abf7158809cf4f3c,True
A_ctrl,模型A-受控HW,320,7,16,100.0,d014f9a8c9ee2589e13f0cc8b6630ca6,2b7e151628aed2a6abf7158809cf4f3c,True
A_ctrl,模型A-受控HW,320,8,16,100.0,d014f9a8c9ee2589e13f0cc8b6630ca6,2b7e151628aed2a6abf7158809cf4f3c,True
A_ctrl,模型A-受控HW,320,9,16,100.0,d014f9a8c9ee2589e13f0cc8b6630ca6,2b7e151628aed2a6abf7158809cf4f3c,True
B,模型B,20,0,8,50.0,d0f3b6a8819e2589203f0cdab663b165,92092e0ae0220c143a076af9fd2418c7,False
B,模型B,20,1,3,18.75,9e14b79960798b8939e65ec8168e5e4c,3e728919606e3e843e4e48be2374c2e7,False
B,模型B,20,2,4,25.0,0cccdfa85f7e25a3cb3f1476b6b14ee4,0664b9b9aa5ece100c547c01835970db,False
B,模型B,20,3,0,0.0,debb0eb06f6758bca368510c6242b274,08ff926d0fe2553beeeb55168b431d58,False
B,模型B,20,4,3,18.75,1d29b7a8c1496679653fbc40b67c2c42,064ebad7809ebd34e69a34207b43532b,False
B,模型B,20,5,1,6.25,8148f99860e832d66c6338bcff424f8f,93db51127489f2c6e80bd369c21ecf0d,False
B,模型B,20,6,1,6.25,b15432d1ae83055ce1c752aef0b7b364,86ebfb6cd4e91804d30dd14365a89ce7,False
B,模型B,20,7,1,6.25,a2b3a317365295eb716f38c0b67c234d,9cebbe179cfec900a8c82772fd3c2ad6,False
B,模型B,20,8,4,25.0,231b4fa8f1ee25f3e191095713e7f512,e55ec926b5fa10f337a3b70e0e8a56b4,False
B,模型B,20,9,3,18.75,777af98217ee7393e1ebd26ab95e23f7,d99288988b5d1cbe446f7a71c6ae17fc,False
B,模型B,40,0,6,37.5,8b14a334e2ee763ae1b08fc8683f0ca6,c50feca12620d90955e78cd04c85c6c9,False
B,模型B,40,1,7,43.75,d0e3caa8607e253c973f0c2eb663d6a9,bd7d6d6f1b0d60fbd1c1d14c70d20bc9,False
B,模型B,40,2,8,50.0,aa14b1a8c9e82589823f56d4b6b70c4d,2100a8d30ffaeb0054caf01eabf74fd8,False
B,模型B,40,3,10,62.5,c314f9a8c9eeb7dae14832c8b6a50ca6,1639cf1135ef656d06a52a7e182ce765,False
B,模型B,40,4,9,56.25,d056c9a8c9a92589313fa0c88b630c10,8f40dd9225b37f9f684c8c2f1b663191,False
B,模型B,40,5,2,12.5,db1420aad94adb5d78854e6bb6cf1d28,cbc7efd40fc4f9f8eb84f146237d20fe,False
B,模型B,40,6,10,62.5,d01477aac967b789e13f0c81b6630c12,b6e2959f3ba5a70c69032f052db14088,False
B,模型B,40,7,14,87.5,d014f9a8b0ee2589e13f0c05b6630ca6,cac369afb02c77d5ace5223677cf784f,False
B,模型B,40,8,8,50.0,d014a316c9315189b29f0cc820630c8c,b4d84f88a77291298fa76deaf15df2fa,False
B,模型B,40,9,9,56.25,d014b2a8f1672589a33f0cf1b663fbcc,0ef65e465ee4b1fe8bb8720309020792,False
B,模型B,80,0,15,93.75,d014f9a81bee2589e13f0cc8b6630ca6,2b578994fa1bfe63ab6b154ddbcf4ff9,False
B,模型B,80,1,8,50.0,d05977a83ee42589f23f0ce9b6637d1e,35bb07ddcc054a3d0bbd871594f39468,False
B,模型B,80,2,15,93.75,d014f9a8c9ee2589e13f0cc8b6630c4c,711efdc7dfa32ca63fa91788607a11d6,False
B,模型B,80,3,13,81.25,8b14f9a8c9ee25dee13f0cc8b6590ca6,8a6300dc41296c253ef7a72d20f51922,False
B,模型B,80,4,13,81.25,d099f9a879ee2589e1330cc8b6630ca6,f08a53e8430cc2cf9619522584cf0855,False
B,模型B,80,5,16,100.0,d014f9a8c9ee2589e13f0cc8b6630ca6,2b7e151628aed2a6abf7158809cf4f3c,True
B,模型B,80,6,15,93.75,d014f9a8c9ee2589e13f0cc8ff630ca6,04bb5397283f7d99ab9d9dff4029a7dc,False
B,模型B,80,7,12,75.0,d014f9a812ee251be13f0cafb66307a6,8bd71194a51d74aabfd00c9ed56f5d80,False
B,模型B,80,8,12,75.0,d0a3f9a838ee2589e13f0c4eb66380a6,bee24da9f23992440a66d43a2a2c02a7,False
B,模型B,80,9,12,75.0,d0cbf9a879ee2589e13f0ccab663c6a6,c2985fc1d53bd85902a28283efe612bb,False
B,模型B,120,0,15,93.75,d014f9a8c9ee2589e13f0cc8b66346a6,de07a8c678a9d2c00ace15cc0f3805b9,False
B,模型B,120,1,15,93.75,d014f9a8c9ee2589e13f0cc8b6637da6,96eca36d6bc7d2633da8156961813e8d,False
B,模型B,120,2,16,100.0,d014f9a8c9ee2589e13f0cc8b6630ca6,2b7e151628aed2a6abf7158809cf4f3c,True
B,模型B,120,3,16,100.0,d014f9a8c9ee2589e13f0cc8b6630ca6,2b7e151628aed2a6abf7158809cf4f3c,True
B,模型B,120,4,16,100.0,d014f9a8c9ee2589e13f0cc8b6630ca6,2b7e151628aed2a6abf7158809cf4f3c,True
B,模型B,120,5,16,100.0,d014f9a8c9ee2589e13f0cc8b6630ca6,2b7e151628aed2a6abf7158809cf4f3c,True
B,模型B,120,6,13,81.25,d01488a8c93a2589e13f0cc8b6630c12,0d8ecea2de485d5040689b88045c5588,False
B,模型B,120,7,16,100.0,d014f9a8c9ee2589e13f0cc8b6630ca6,2b7e151628aed2a6abf7158809cf4f3c,True
B,模型B,120,8,16,100.0,d014f9a8c9ee2589e13f0cc8b6630ca6,2b7e151628aed2a6abf7158809cf4f3c,True
B,模型B,120,9,15,93.75,d014f9a8c9ee2589783f0cc8b6630ca6,38eb2baa283bd21a32c1552a09f94f9e,False
B,模型B,160,0,16,100.0,d014f9a8c9ee2589e13f0cc8b6630ca6,2b7e151628aed2a6abf7158809cf4f3c,True
B,模型B,160,1,16,100.0,d014f9a8c9ee2589e13f0cc8b6630ca6,2b7e151628aed2a6abf7158809cf4f3c,True
B,模型B,160,2,15,93.75,d014f9a8aeee2589e13f0cc8b6630ca6,2b01b2fa4fe9d677abcf15596ecf4fed,False
B,模型B,160,3,16,100.0,d014f9a8c9ee2589e13f0cc8b6630ca6,2b7e151628aed2a6abf7158809cf4f3c,True
B,模型B,160,4,16,100.0,d014f9a8c9ee2589e13f0cc8b6630ca6,2b7e151628aed2a6abf7158809cf4f3c,True
B,模型B,160,5,16,100.0,d014f9a8c9ee2589e13f0cc8b6630ca6,2b7e151628aed2a6abf7158809cf4f3c,True
B,模型B,160,6,16,100.0,d014f9a8c9ee2589e13f0cc8b6630ca6,2b7e151628aed2a6abf7158809cf4f3c,True
B,模型B,160,7,16,100.0,d014f9a8c9ee2589e13f0cc8b6630ca6,2b7e151628aed2a6abf7158809cf4f3c,True
B,模型B,160,8,16,100.0,d014f9a8c9ee2589e13f0cc8b6630ca6,2b7e151628aed2a6abf7158809cf4f3c,True
B,模型B,160,9,16,100.0,d014f9a8c9ee2589e13f0cc8b6630ca6,2b7e151628aed2a6abf7158809cf4f3c,True
B,模型B,240,0,16,100.0,d014f9a8c9ee2589e13f0cc8b6630ca6,2b7e151628aed2a6abf7158809cf4f3c,True
B,模型B,240,1,16,100.0,d014f9a8c9ee2589e13f0cc8b6630ca6,2b7e151628aed2a6abf7158809cf4f3c,True
B,模型B,240,2,16,100.0,d014f9a8c9ee2589e13f0cc8b6630ca6,2b7e151628aed2a6abf7158809cf4f3c,True
B,模型B,240,3,16,100.0,d014f9a8c9ee2589e13f0cc8b6630ca6,2b7e151628aed2a6abf7158809cf4f3c,True
B,模型B,240,4,16,100.0,d014f9a8c9ee2589e13f0cc8b6630ca6,2b7e151628aed2a6abf7158809cf4f3c,True
B,模型B,240,5,16,100.0,d014f9a8c9ee2589e13f0cc8b6630ca6,2b7e151628aed2a6abf7158809cf4f3c,True
B,模型B,240,6,16,100.0,d014f9a8c9ee2589e13f0cc8b6630ca6,2b7e151628aed2a6abf7158809cf4f3c,True
B,模型B,240,7,16,100.0,d014f9a8c9ee2589e13f0cc8b6630ca6,2b7e151628aed2a6abf7158809cf4f3c,True
B,模型B,240,8,16,100.0,d014f9a8c9ee2589e13f0cc8b6630ca6,2b7e151628aed2a6abf7158809cf4f3c,True
B,模型B,240,9,16,100.0,d014f9a8c9ee2589e13f0cc8b6630ca6,2b7e151628aed2a6abf7158809cf4f3c,True
B,模型B,320,0,16,100.0,d014f9a8c9ee2589e13f0cc8b6630ca6,2b7e151628aed2a6abf7158809cf4f3c,True
B,模型B,320,1,16,100.0,d014f9a8c9ee2589e13f0cc8b6630ca6,2b7e151628aed2a6abf7158809cf4f3c,True
B,模型B,320,2,16,100.0,d014f9a8c9ee2589e13f0cc8b6630ca6,2b7e151628aed2a6abf7158809cf4f3c,True
B,模型B,320,3,16,100.0,d014f9a8c9ee2589e13f0cc8b6630ca6,2b7e151628aed2a6abf7158809cf4f3c,True
B,模型B,320,4,16,100.0,d014f9a8c9ee2589e13f0cc8b6630ca6,2b7e151628aed2a6abf7158809cf4f3c,True
B,模型B,320,5,16,100.0,d014f9a8c9ee2589e13f0cc8b6630ca6,2b7e151628aed2a6abf7158809cf4f3c,True
B,模型B,320,6,16,100.0,d014f9a8c9ee2589e13f0cc8b6630ca6,2b7e151628aed2a6abf7158809cf4f3c,True
B,模型B,320,7,16,100.0,d014f9a8c9ee2589e13f0cc8b6630ca6,2b7e151628aed2a6abf7158809cf4f3c,True
B,模型B,320,8,16,100.0,d014f9a8c9ee2589e13f0cc8b6630ca6,2b7e151628aed2a6abf7158809cf4f3c,True
B,模型B,320,9,16,100.0,d014f9a8c9ee2589e13f0cc8b6630ca6,2b7e151628aed2a6abf7158809cf4f3c,True
C,模型C,20,0,0,0.0,35a76dd90989ed2bcf552ea94fc4e46a,15b889bbcc857280fb212697d9dc9f8b,False
C,模型C,20,1,5,31.25,81140aa8c917265bb53fadc8e73efe6a,8a2ce9f513a729d13ab721f0a3041578,False
C,模型C,20,2,2,12.5,614019a8b824257b2a0ea7f327b02305,c72d16945b758a023b4c989ad62fe185,False
C,模型C,20,3,6,37.5,a8e7f9a669ee25890e744cc814390cc4,75965a5c20d6364d48ab53ae5370362f,False
C,模型C,20,4,4,25.0,0f1453bec9a32f0e96977ec86d7e0c16,6d2b9d81b32d5150d9136c6af221dfb5,False
C,模型C,20,5,2,12.5,f537419211bbb2f0d63f561ab6d7f4d2,5398e478b5ebb18c5d00aa072d4a81fc,False
C,模型C,20,6,1,6.25,a8d579614cbbc78927e3c642f465ab1a,71b6ae4670e05fc0f23325cbcb96346c,False
C,模型C,20,7,3,18.75,6d147f6dc927e47ac17d12e182a80c6a,c67044f1b9ff27190b747851b050a008,False
C,模型C,20,8,4,25.0,6df6f9a109ee67f4e189530b34a132a6,4e2aa7f48c541f7509993622e1c04087,False
C,模型C,20,9,4,25.0,db143bcec95927085ca6e0c8d6700ccb,c329e34e3efd7c837a3f2e121c9a9ebd,False
C,模型C,40,0,7,43.75,6d14193dc9a02536963febc8b6750ce9,b6703cc2615abf8ee06f90238380d86b,False
C,模型C,40,1,8,50.0,d01439a9c9e02789ab090cc882630cac,123c479631612ae0e0a8b2456a31575c,False
C,模型C,40,2,8,50.0,6c149b78c9ee2559e13fb658ea630cbf,44ca6d3f1f1d3a357f89ff726e882c31,False
C,模型C,40,3,7,43.75,7e14f0a8c98b255d8d7da9c88e080ca6,c109751752f7aa0a2c816f804d1a74b9,False
C,模型C,40,4,1,6.25,8aa23b11a4d06af0da550ca9e655fecb,5b33d8b5838d671b1d0682378a7550ba,False
C,模型C,40,5,6,37.5,d0cb20caa34c6989d33f0c66b663fe7e,3a485adb85d46f03f43fea9b2179bb8e,False
C,模型C,40,6,5,31.25,d03ef972e8eef4f022ee0c057f633afc,d32889d364d4b11303ddffbe08e9e306,False
C,模型C,40,7,9,56.25,d06e54a85dee2578e13f0cacb6634cdc,8f2be5a3c02479bebac88caf59bdc1b5,False
C,模型C,40,8,6,37.5,d0f839a8c9c79689ab3f5e53b608fefc,64cf609541de105156578eef07f40019,False
C,模型C,40,9,12,75.0,d0cbf9a8c9ee2589e13f7669b6630c0e,fd5acbd915eb15a09783047f5c1750c2,False
C,模型C,80,0,12,75.0,d014f9d9c9ee3f89e1770cc85d630ca6,99a62322131c6fc25e6449da17a2896d,False
C,模型C,80,1,7,43.75,d0149b90c9a7259efe3f10c882fa0ccb,1c0c74ca4eac08db122b1c0317c8e25f,False
C,模型C,80,2,6,37.5,8f140672c951eebee13fadc85f3e0cfe,7858abefcf704bfba26bc8416bf6c55b,False
C,模型C,80,3,11,68.75,d02c19a8c9ee2589733f0cc8b663b2c3,ad2a39692fbab5fe4cf54255ad142a31,False
C,模型C,80,4,6,37.5,d014f0ddc91792895597acc827930cd6,d9308546e71b2a000574ffe71ca17169,False
C,模型C,80,5,8,50.0,6114f2a8c951253d223f56c8b67e0cba,8d333a709eea3a8c39d11f92dd6d63d8,False
C,模型C,80,6,15,93.75,d014f9a8c9ee25f0e13f0cc8b6630ca6,9c11ae16bcc29ddf88f75a8809cf0045,False
C,模型C,80,7,8,50.0,6d1439a8c906255b933f56c8b63e0c6d,1e2e266d17e9aa68945a5908183816c4,False
C,模型C,80,8,8,50.0,051491a8c9a725762b3fa9c8b65f0c50,f82377d5f857ffbfef557843fa8e2aa0,False
C,模型C,80,9,8,50.0,d0144f5fc917398983bc0cc819630cc6,bb5f64ec429d0ea5787b60ff13db9e43,False
C,模型C,120,0,15,93.75,d014f9a8c9082589e13f0cc8b6630ca6,717ea5c70148023a82f7758820294f3c,False
C,模型C,120,1,13,81.25,d014f9a8c9ee2589e13f0cc827b70c6a,6647e429c1d9aaacb182272bd3a70873,False
C,模型C,120,2,15,93.75,d014f9a8c9ac2589e13f0cc8b6630ca6,ab7ee656b8ecc8203bf7fc88998d4f3c,False
C,模型C,120,3,14,87.5,d014f94ac9ee8b89e13f0cc8b6630ca6,de2dd330415bba26ab02d32e093a273c,False
C,模型C,120,4,13,81.25,d0147aa8c9ee2589733f0cc8b6630cc6,0bdb455146a5695bca36ee0bfe3105df,False
C,模型C,120,5,16,100.0,d014f9a8c9ee2589e13f0cc8b6630ca6,2b7e151628aed2a6abf7158809cf4f3c,True
C,模型C,120,6,15,93.75,d01406a8c9ee2589e13f0cc8b6630ca6,b0efea08283fd2b8ab66ea88095e4f3c,False
C,模型C,120,7,12,75.0,d014f972c9ed8b89e1540cc8b6630ca6,90273727ef58f0b617696d56b539373c,False
C,模型C,120,8,15,93.75,d014f9a8c9172589e13f0cc8b6630ca6,147e2138f557d57c76f72688d4364f3c,False
C,模型C,120,9,12,75.0,d01491a8c96525898b3f0cc8b6630cd6,83797fc22e5db9254f9a8e6832d2efac,False
C,模型C,160,0,16,100.0,d014f9a8c9ee2589e13f0cc8b6630ca6,2b7e151628aed2a6abf7158809cf4f3c,True
C,模型C,160,1,15,93.75,d0149ba8c9ee2589e13f0cc8b6630ca6,e515773f28c5d28fab9c778809a44f3c,False
C,模型C,160,2,14,87.5,d014f9a8c9082589e13f0cc8b6630cfc,48299f17b9584c3a3b225c880a209f66,False
C,模型C,160,3,13,81.25,d0149ba8c9f92589e13f0cc8b6630cf4,626b443f38f229ce2e5d798800f2746e,False
C,模型C,160,4,16,100.0,d014f9a8c9ee2589e13f0cc8b6630ca6,2b7e151628aed2a6abf7158809cf4f3c,True
C,模型C,160,5,16,100.0,d014f9a8c9ee2589e13f0cc8b6630ca6,2b7e151628aed2a6abf7158809cf4f3c,True
C,模型C,160,6,16,100.0,d014f9a8c9ee2589e13f0cc8b6630ca6,2b7e151628aed2a6abf7158809cf4f3c,True
C,模型C,160,7,13,81.25,d0149ba8c9082589e13f0cc8b6630c7f,4c57b796acd80595bcdc3d88a40121e5,False
C,模型C,160,8,16,100.0,d014f9a8c9ee2589e13f0cc8b6630ca6,2b7e151628aed2a6abf7158809cf4f3c,True
C,模型C,160,9,16,100.0,d014f9a8c9ee2589e13f0cc8b6630ca6,2b7e151628aed2a6abf7158809cf4f3c,True
C,模型C,240,0,16,100.0,d014f9a8c9ee2589e13f0cc8b6630ca6,2b7e151628aed2a6abf7158809cf4f3c,True
C,模型C,240,1,16,100.0,d014f9a8c9ee2589e13f0cc8b6630ca6,2b7e151628aed2a6abf7158809cf4f3c,True
C,模型C,240,2,12,75.0,d0149ba8c91725898b3f0cc8b6630cf4,43f3e91d1f843cdd63faf46827bb748e,False
C,模型C,240,3,16,100.0,d014f9a8c9ee2589e13f0cc8b6630ca6,2b7e151628aed2a6abf7158809cf4f3c,True
C,模型C,240,4,16,100.0,d014f9a8c9ee2589e13f0cc8b6630ca6,2b7e151628aed2a6abf7158809cf4f3c,True
C,模型C,240,5,16,100.0,d014f9a8c9ee2589e13f0cc8b6630ca6,2b7e151628aed2a6abf7158809cf4f3c,True
C,模型C,240,6,16,100.0,d014f9a8c9ee2589e13f0cc8b6630ca6,2b7e151628aed2a6abf7158809cf4f3c,True
C,模型C,240,7,16,100.0,d014f9a8c9ee2589e13f0cc8b6630ca6,2b7e151628aed2a6abf7158809cf4f3c,True
C,模型C,240,8,16,100.0,d014f9a8c9ee2589e13f0cc8b6630ca6,2b7e151628aed2a6abf7158809cf4f3c,True
C,模型C,240,9,16,100.0,d014f9a8c9ee2589e13f0cc8b6630ca6,2b7e151628aed2a6abf7158809cf4f3c,True
C,模型C,320,0,16,100.0,d014f9a8c9ee2589e13f0cc8b6630ca6,2b7e151628aed2a6abf7158809cf4f3c,True
C,模型C,320,1,16,100.0,d014f9a8c9ee2589e13f0cc8b6630ca6,2b7e151628aed2a6abf7158809cf4f3c,True
C,模型C,320,2,16,100.0,d014f9a8c9ee2589e13f0cc8b6630ca6,2b7e151628aed2a6abf7158809cf4f3c,True
C,模型C,320,3,16,100.0,d014f9a8c9ee2589e13f0cc8b6630ca6,2b7e151628aed2a6abf7158809cf4f3c,True
C,模型C,320,4,16,100.0,d014f9a8c9ee2589e13f0cc8b6630ca6,2b7e151628aed2a6abf7158809cf4f3c,True
C,模型C,320,5,16,100.0,d014f9a8c9ee2589e13f0cc8b6630ca6,2b7e151628aed2a6abf7158809cf4f3c,True
C,模型C,320,6,16,100.0,d014f9a8c9ee2589e13f0cc8b6630ca6,2b7e151628aed2a6abf7158809cf4f3c,True
C,模型C,320,7,16,100.0,d014f9a8c9ee2589e13f0cc8b6630ca6,2b7e151628aed2a6abf7158809cf4f3c,True
C,模型C,320,8,16,100.0,d014f9a8c9ee2589e13f0cc8b6630ca6,2b7e151628aed2a6abf7158809cf4f3c,True
C,模型C,320,9,16,100.0,d014f9a8c9ee2589e13f0cc8b6630ca6,2b7e151628aed2a6abf7158809cf4f3c,True
D,模型D,20,0,5,31.25,d0e2c2700ceee88958240cbf7e6313d1,685482a9029ba5fa5a6b0d265c3e8d92,False
D,模型D,20,1,1,6.25,a813f9f3ea51f01f3950ab98e45853c6,0a5714d9bfe047b1f9843dd6bfb07129,False
D,模型D,20,2,1,6.25,d9a793db9997b4d5c899225195b05aa6,74eded0e37742f3534701df5d089e7dd,False
D,模型D,20,3,6,37.5,2d149352c9ee1340da3f0c1b6c040cdb,ef28fe6ae8757821eb73ff25268b0413,False
D,模型D,20,4,5,31.25,9d14f970c9ee80d28bbe5688dbed0cfa,00d56d442b773064620df44e84a99109,False
D,模型D,20,5,0,0.0,9b1cf77c92ccfca0f3513afbe3aaa951,c22fbdcfdec6968d98f6c29e014490ca,False
D,模型D,20,6,1,6.25,55136c0c9ac817a7dae1e797b666da04,11db13843775e31af0ff8f532dc72d79,False
D,模型D,20,7,3,18.75,0a7eb915c9bef1c679d30bc836b70cfa,c5492c0eaa10ee131b8da542f6e80a3c,False
D,模型D,20,8,4,25.0,9f14047cc9511e494d3f6962b6180585,b8738dfeb60b7b27a8676a684c41a151,False
D,模型D,20,9,0,0.0,5682411b73971380a571211bbbbcda4d,ed2ac494b67ac3ee717fb8f67d7ea968,False
D,模型D,40,0,8,50.0,c613f9c331ee2513e13fffc8179c0ca6,e8437cf20154ed051240e67fe53d0373,False
D,模型D,40,1,11,68.75,0614f9f3c9ee2589e18f0c5bb6b00ca6,4f0292007358f58dec509c9a281cd1c7,False
D,模型D,40,2,10,62.5,0a14f9a8c9ee2513e13f21dbb6c008a6,3234ef0d05bdfbec3e8efef5a0fa2879,False
D,模型D,40,3,8,50.0,d0f6f9edf7eeb489e19e0cf13b6384a6,a456d519e1f4f453c009c39abc68b283,False
D,模型D,40,4,5,31.25,ac149d8bc9eef973d72bb2c851990c47,757dacbe32ef54fbbab2cd40fa123637,False
D,模型D,40,5,8,50.0,778df9a89eee25c6e13f0b41b663a6b6,4d78288233a6afd0ba4db481581838bb,False
D,模型D,40,6,7,43.75,aa13f9a8e6ee2594773f4a0db663602e,05a1f122282276a57c643ef6e56ffa40,False
D,模型D,40,7,10,62.5,eee3f916c9eed489e1e90cc881630ca6,3eec7efca0664a3945eb1183ee0c08cc,False
D,模型D,40,8,6,37.5,aa13f9ed6ceeb44fe1990cc8d03283a6,3e2ef4c96dbf26567b7101f1f121a099,False
D,模型D,40,9,0,0.0,77e401b9eac11f4f2460551695c0a69f,107382af7df36cb0d1e4a207f91a269f,False
D,模型D,80,0,8,50.0,5514f9a8c9ee1f4fdaea0bc87d040ca6,b7153100c16f33f0708295d92e59f470,False
D,模型D,80,1,8,50.0,5514f9edc9ee1f80e1ea0cc87ddfdaa6,3fa9927480012c592dd0b4a384519b9c,False
D,模型D,80,2,13,81.25,d014f9a8c9ee1f4fe13f0cc8b6c00ca6,42aeea3978ea9d6b970ca52ba9976034,False
D,模型D,80,3,12,75.0,5614f9a8c9ee254fe13f69c8b6040ca6,245e1e6277443c20d9b6dd742be9a86c,False
D,模型D,80,4,9,56.25,f913f9a8c9ee404fe13fb2c8b6aaa6a6,c99a4cf909c170ee8278a3e468487efe,False
D,模型D,80,5,14,87.5,f914f9a8c9ee2589e13fb2c8b6630ca6,9098f8602848d2d0ee1aaba609224f12,False
D,模型D,80,6,8,50.0,5a14f9a8c9ee91db773f55c8b6aeda51,42b0187c4ef79f9ec09c9a4d07f85cec,False
D,模型D,80,7,10,62.5,5514f9a8c9ee3c43e13fffc8b6aa0c62,887feada951edc4e016468f62c77e630,False
D,模型D,80,8,13,81.25,7714f9a8c9ee254fe13fb2c8b6630ca6,0e68bcb999e747cfc11a3e7f0922da0d,False
D,模型D,80,9,7,43.75,e014f924c9ee9935773f46c87d580c5e,7f74bf252fba9b5babd4064c78547c97,False
D,模型D,120,0,16,100.0,d014f9a8c9ee2589e13f0cc8b6630ca6,2b7e151628aed2a6abf7158809cf4f3c,True
D,模型D,120,1,16,100.0,d014f9a8c9ee2589e13f0cc8b6630ca6,2b7e151628aed2a6abf7158809cf4f3c,True
D,模型D,120,2,16,100.0,d014f9a8c9ee2589e13f0cc8b6630ca6,2b7e151628aed2a6abf7158809cf4f3c,True
D,模型D,120,3,16,100.0,d014f9a8c9ee2589e13f0cc8b6630ca6,2b7e151628aed2a6abf7158809cf4f3c,True
D,模型D,120,4,11,68.75,d013f9a831ee2589e13fb298b6635ea6,a6669d660ab985c1ea9e72a895cac49a,False
D,模型D,120,5,16,100.0,d014f9a8c9ee2589e13f0cc8b6630ca6,2b7e151628aed2a6abf7158809cf4f3c,True
D,模型D,120,6,15,93.75,f914f9a8c9ee2589e13f0cc8b6630ca6,0210f99b28c0d22b82f7150509cf4fb1,False
D,模型D,120,7,14,87.5,d014f9a8c9ee254fe13f0cc8b6aa0ca6,2a0135541b11d3ac0ff71d9c3206b1a0,False
D,模型D,120,8,14,87.5,f914f9a8c9ee2589e13fb2c8b6630ca6,9098f8602848d2d0ee1aaba609224f12,False
D,模型D,120,9,13,81.25,d014f9a8c9ee1f89e18f0bc8b6630ca6,065d0e37fd6cc1444228205ac4a047e5,False
D,模型D,160,0,16,100.0,d014f9a8c9ee2589e13f0cc8b6630ca6,2b7e151628aed2a6abf7158809cf4f3c,True
D,模型D,160,1,14,87.5,d014f9a8c9ee254fe13fb2c8b6630ca6,a97ad51f99f54769661a3ed90922daab,False
D,模型D,160,2,15,93.75,d014f9a8c9ee254fe13f0cc8b6630ca6,119e9a169911476020f7808809cfdafa,False
D,模型D,160,3,16,100.0,d014f9a8c9ee2589e13f0cc8b6630ca6,2b7e151628aed2a6abf7158809cf4f3c,True
D,模型D,160,4,16,100.0,d014f9a8c9ee2589e13f0cc8b6630ca6,2b7e151628aed2a6abf7158809cf4f3c,True
D,模型D,160,5,16,100.0,d014f9a8c9ee2589e13f0cc8b6630ca6,2b7e151628aed2a6abf7158809cf4f3c,True
D,模型D,160,6,15,93.75,d014f9a8c9ee2589e13fb2c8b6630ca6,b9b5c21f2865d2afc71aabd909224f6d,False
D,模型D,160,7,14,87.5,d014f9a8c9ee994fe13f0cc8b6630ca6,2ec59a2a259bfb66207d80b2094566fa,False
D,模型D,160,8,16,100.0,d014f9a8c9ee2589e13f0cc8b6630ca6,2b7e151628aed2a6abf7158809cf4f3c,True
D,模型D,160,9,16,100.0,d014f9a8c9ee2589e13f0cc8b6630ca6,2b7e151628aed2a6abf7158809cf4f3c,True
D,模型D,236,0,16,100.0,d014f9a8c9ee2589e13f0cc8b6630ca6,2b7e151628aed2a6abf7158809cf4f3c,True
D,模型D,236,1,16,100.0,d014f9a8c9ee2589e13f0cc8b6630ca6,2b7e151628aed2a6abf7158809cf4f3c,True
D,模型D,236,2,16,100.0,d014f9a8c9ee2589e13f0cc8b6630ca6,2b7e151628aed2a6abf7158809cf4f3c,True
D,模型D,236,3,16,100.0,d014f9a8c9ee2589e13f0cc8b6630ca6,2b7e151628aed2a6abf7158809cf4f3c,True
D,模型D,236,4,16,100.0,d014f9a8c9ee2589e13f0cc8b6630ca6,2b7e151628aed2a6abf7158809cf4f3c,True
D,模型D,236,5,16,100.0,d014f9a8c9ee2589e13f0cc8b6630ca6,2b7e151628aed2a6abf7158809cf4f3c,True
D,模型D,236,6,16,100.0,d014f9a8c9ee2589e13f0cc8b6630ca6,2b7e151628aed2a6abf7158809cf4f3c,True
D,模型D,236,7,16,100.0,d014f9a8c9ee2589e13f0cc8b6630ca6,2b7e151628aed2a6abf7158809cf4f3c,True
D,模型D,236,8,16,100.0,d014f9a8c9ee2589e13f0cc8b6630ca6,2b7e151628aed2a6abf7158809cf4f3c,True
D,模型D,236,9,16,100.0,d014f9a8c9ee2589e13f0cc8b6630ca6,2b7e151628aed2a6abf7158809cf4f3c,True
